nama_destinasi,kategori,latitude,longitude,alamat,image_url,deskripsi,
Galaxy Mall,mall,-7.2756967,112.7806254,,,,Ryan
Pusat Oleh-oleh Bu Rudy,oleh_oleh,-7.2673018,112.7697516,,,,
Annyeong Market,mall,-7.2538255,112.7894579,,,,
Kenjeran Park (Kenpark),non_kuliner,-7.252296,112.796695,,,,
Taman Bermain Atlantis Land Kenjeran,non_kuliner,-7.25324,112.8027188,,,,
Surabaya Kriya Gallery (SKG) MERR,non_kuliner,-7.3060589,112.7806015,,,,
Museum Etnografi,non_kuliner,-7.272492,112.757315,,,,
Museum Blockbuster,non_kuliner,-7.2477541,112.7795727,,,,
Kebun Bibit dan Taman Flora,non_kuliner,-7.295196,112.759935,,,,
Mini Agrowisata,non_kuliner,-7.333240031,112.7119107,,,,
Pasar Turi Baru,all,-7.245065629,112.7345134,,,,
Jembatan Merah Plaza (JMP),mall,-7.250445,112.768845,,,,
Kampung Legenda,all,-7.302489624,112.6608038,,,,
Pasar Ndeso Nyi Pandan Sari,"makanan_ringan, makanan_berat",-7.30084023,112.6444476,,,,
Pasar Genteng Baru,all,-7.258516471,112.7407339,,,,
Mirota Batik & Handicraft,oleh_oleh,-7.276708517,112.7473842,,,,
Museum Teknoform,non_kuliner,-7.3118005,112.7823132,,,,
Pasar Bunga & Pasar Burung Bratang,"oleh_oleh, non_kuliner",-7.297429,112.757856,,,,
Monumen Kapal Selam,non_kuliner,-7.26543,112.750305,,,,
Plaza Surabaya (Delta Plaza),mall,-7.2653355,112.7489321,,,,
Pasar Bunga Kayoon,"oleh_oleh, non_kuliner",-7.268888,112.747916,,,,
Gelora 10 Nopember,non_kuliner,-7.251844,112.756287,,,,
Grand City Mall,mall,-7.2619685,112.7499944,,,,
UYCC (Unicorn Young Collectors Club) Art Gallery,non_kuliner,-7.2680621,112.7477999,,,,
Taman Hiburan Pantai (THP) Kenjeran,non_kuliner,-7.237873613,112.7955582,,,,
Museum WR Soepratman,non_kuliner,-7.2506354,112.7537695,,,,
Surabaya Sightseeing & City Tour Bus (SSCT),non_kuliner,-7.2640551,112.7453148,,,,
Balai Pemuda dan Alun-alun Surabaya,non_kuliner,-7.2638645,112.7453065,,,,
Tourism Information Center (TIC),kantor_pariwisata,-7.2638645,112.7453065,,,,
Balai Kota Surabaya,non_kuliner,-7.259445,112.746996,,,,
Ekowisata Mangrove Wonorejo,non_kuliner,-7.3087462,112.8217729,,,,
Arca Joko Dolog,non_kuliner,-7.26494,112.742765,,,,
Gramedia Expo / Dyandra Convention Center,non_kuliner,-7.269219,112.741722,,,,
Monumen Perjuangan POLRI,non_kuliner,-7.280822,112.740925,,,,
Monumen Gubernur Suryo dan Taman Apsari,non_kuliner,-7.2636347,112.7425622,,,,
Wisata Perahu Kalimas,non_kuliner,-7.2614722,112.7428284,,,,
Masjid Muhammad Cheng Hoo,non_kuliner,-7.2522687,112.7469172,,,,
Tunjungan Plaza Convention Hall,mall,-7.263508,112.740547,,,,
Museum Pendidikan Surabaya,non_kuliner,-7.2562147,112.7429471,,,,
Taman Bungkul,non_kuliner,-7.291347,112.739822,,,,
Makam Sunan Bungkul,non_kuliner,-7.291305,112.739809,,,,
Kampung Kue,makanan_ringan,-7.323768814,112.769831,"Jl. Rungkut Lor Gg. II No.1, Kali Rungkut, Kec. Rungkut, Surabaya, Jawa Timur 60293",https://akcdn.detik.net.id/community/media/visual/2024/04/23/menilik-kampung-kue-rungkut-lor-surabaya-4.jpeg?w=700&q=90,,Lia
Visma Art & Design Gallery,non_kuliner,-7.265988,112.738307,"Jl. Tegalsari No.35, Tegalsari, Kec. Tegalsari, Surabaya, Jawa Timur 60262",https://tourism.surabaya.go.id/api/helper/show-file/tourist-destination-files/9c42322e-4a14-41cc-89a6-dc054b3ab9c5,,
Tunjungan Romansa,non_kuliner,-7.260249436,112.7395721,"PPQQ+RRR, Jl. Tunjungan, Kedungdoro, Kec. Tegalsari, Surabaya, Jawa Timur",https://ik.trn.asia/uploads/2021/11/1637628439448.jpeg,,
Monumen Bahari,non_kuliner,-7.294766,112.738824,,,,
Taman Budaya Jawa Timur,non_kuliner,-7.256752,112.739851,"Jl. Genteng Kali No.85, Genteng, Kec. Genteng, Surabaya, Jawa Timur 60275",https://mediasenior.id/images/media/artikel/e47f1ebef0e88dde5c581914cb1a6d11.jpg,,
Suroboyo Park,non_kuliner,-7.2253727,112.7880641,"QQFQ+V6H, Jl. Pantai Kenjeran, Kedung Cowek, Kec. Bulak, Surabaya, Jawa Timur 60125",https://tourism.surabaya.go.id/api/helper/show-file/tourist-destination-files/9a553cbd-da80-4a5f-b0fd-f87967ae11fb,,
OCA Ice Skating Arena Surabaya,non_kuliner,-7.2606154,112.737355,"Jl. Embong Malang No.39, Kedungdoro, Kec. Tegalsari, Surabaya, Jawa Timur 60261",https://blog.agendakota.id/wp-content/uploads/2025/07/oca-ice-skating.jpeg,"OCA Ice Skating Surabaya adalah tempat ice skating terbesar dengan es asli seluas 1200 m2. Di tempat wisata ini, pengunjung bisa merasakan berseluncur di atas es dengan area yang luas. Harga tiket masuk sudah termasuk persewaan sepatu, dan para pengunjung wajib menggunakan sarung tangan dan kaos kaki.",
Langgar Dukur Kayu,non_kuliner,-7.2509664,112.7415151,"Lawang Seketeng IV Jl. Grogol Gg. I No.5, RT.001/RW.15, Peneleh, Kec. Genteng, Surabaya, Jawa Timur 60274",https://tourism.surabaya.go.id/api/helper/show-file/tourist-destination-files/9af3fc98-b59f-4ab9-890f-3aa69796587c,"Langgar Dukur Kayu merupakan tempat mengaji Presiden Soekarno saat masih kecil. Selain itu ada Terakota, Sumur Tua, Makam Mbah Pitono, Makam Mbah Dimo, Makam Syekh Zen Zaini Assegaf, Rumah Kayu, Rumah Jengki dan Rumah Puing yang menjadi pusat daya tarik wisata.",
Kampung Joglo Cak Markeso Ketandan,non_kuliner,-7.2577888,112.7379012,"Jl. Ketandan Baru I No.No, RT.27RT.009/RW.04, Genteng, Kec. Genteng, Surabaya, Jawa Timur 60275",https://tourism.surabaya.go.id/api/helper/show-file/tourist-destination-files/9ac7ed34-45c5-49ab-8068-8490f6da0ed4,Kampung Ketandan merupakan salah satu kampung tua di Surabaya yang terletak di antara bangunan pencakar langit di pusat kota Surabaya. Memasuki Kampung Ketandan akan tampak rumah-rumah warga yang masih mempertahankan arsitektur khas era kolonial. Di tengah kampung juga dibangun balai budaya berupa rumah joglo yang difungsikan sebagai ruang publik warga untuk berlatih seni dll.,
Tunjungan Plaza,mall,-7.262363,112.736254,"Tunjungan plaza, Jl. Jenderal Basuki Rachmat No.8-12 lantai 5, Kedungdoro, Kec. Tegalsari, Surabaya, Jawa Timur 60261",https://tourism.surabaya.go.id/api/helper/show-file/tourist-destination-files/9ad63b6b-4fee-4624-9407-24c077b518e5,"Tunjungan Plaza adalah salah satu pusat perbelanjaan modern yang banyak diminati wisatawan lokal maupun mancanegara saat berkunjung ke Surabaya. Berlokasi di jantung Kota Surabaya, mall ini sangat strategis karena mudah dijangkau dengan transportasi pribadi maupun umum.",
Kampung Sejarah Peneleh,non_kuliner,-7.25354,112.739693,,,,
Sumur Jobong,non_kuliner,-7.251711,112.7402562,,,,
Kebun Binatang Surabaya,non_kuliner,-7.2959546,112.7366094,"Jl. Setail No.1, Darmo, Kec. Wonokromo, Surabaya, Jawa Timur 60241",https://awsimages.detik.net.id/community/media/visual/2024/06/17/kebun-binatang-surabaya-1_169.jpeg?w=700&q=90,,
Rumah Lahir Bung Karno,non_kuliner,-7.250899,112.74056,"Jl. Pandean IV No.40, Peneleh, Kec. Genteng, Surabaya, Jawa Timur 60274",https://tourism.surabaya.go.id/api/helper/show-file/tourist-destination-files/9f3c8c52-0228-42dd-bc99-d093a0bad630,,
Museum Surabaya,non_kuliner,-7.2561991,112.7378506,,,,
Kampung Lawang Seketeng,non_kuliner,-7.250479,112.740787,,,,
Surabaya Kriya Gallery (SKG) SIOLA,oleh_oleh,-7.2562015,112.7374846,"Jl. Tunjungan No. 1-3, Genteng, Kec. Genteng, Surabaya, Jawa Timur 60275",https://tiketwisata.surabaya.go.id/storage/tour/museum-surabayagedung-siola_1666543455.jpg,,
Spikoe Resep Kuno,makanan_ringan,-7.3311105,112.7742819,"Jl. Rungkut Madya No.41, Rungkut Kidul, Kec. Rungkut, Surabaya, Jawa Timur 60293",https://tourism.surabaya.go.id/api/helper/show-file/tourist-destination-files/9d92892c-147c-4e1a-8c11-ea9c0bd4235e,,
Museum H.O.S Tjokroaminoto,non_kuliner,-7.2525419,112.737776,"Jl. Peneleh Gg. VII No.29-31, Peneleh, Kec. Genteng, Surabaya, Jawa Timur 60274",https://static.promediateknologi.id/crop/0x0:0x0/0x0/webp/photo/p2/11/2024/05/20/Museum-HOS-Tjokroaminoto-3274812584.jpg,,
Monumen Wira Surya,non_kuliner,-7.298964,112.73579,"PP2Q+C59, Jl. Raya Darmo, Darmo, Kec. Wonokromo, Surabaya, Jawa Timur 60264",https://tourism.surabaya.go.id/api/helper/show-file/tourist-destination-files/9998acf9-ffbb-4a2f-84f7-42a034795be8,,
Teh Villa Gallery,non_kuliner,-7.3285925,112.7639834,"Jl. Raya Rungkut Industri II No.53, Kali Rungkut, Kec. Rungkut, Surabaya, Jawa Timur 60293",https://tourism.surabaya.go.id/api/helper/show-file/tourist-destination-files/9c4228fb-410a-45ec-9be9-d67b3d2ab97b,,
Mall Pasar Atom,mall,-7.2417083,112.7439575,"Jl. Bunguran No.45, Bongkaran, Kec. Pabean Cantikan, Surabaya, Jawa Timur 60161",https://kabarbisnis.com/images/picture/201805/1331-pasar_atum.jpg,,
Darmo Trade Center (DTC),mall,-7.302084,112.735917,"Jl. Jagir Wonokromo, Jagir, Kec. Wonokromo, Surabaya, Jawa Timur 60242",https://tourism.surabaya.go.id/api/helper/show-file/tourist-destination-files/9d9809c9-722c-4020-be43-8d96ec17d7a9,,
Museum Olahraga Surabaya,non_kuliner,-7.2867947,112.7310405,"PP7J+7CM, Jl. Indragiri, Darmo, Kec. Wonokromo, Surabaya, Jawa Timur 60241",https://tourism.surabaya.go.id/api/helper/show-file/tourist-destination-files/9d92650d-cd90-4f8f-a063-6c15a76ed75b,,
Museum Resolusi Jihad,non_kuliner,-7.250181,112.737188,,,,
Surabaya Town Square (SUTOS),mall,-7.293526,112.732124,"Jl. Hayam Wuruk No.6, RT.005/RW.11, Sawunggaling, Kec. Wonokromo, Surabaya, Jawa Timur 60242",https://tourism.surabaya.go.id/api/helper/show-file/tourist-destination-files/9998b6ee-9795-4bf8-b9de-aefa39da4365,,
Perpustakaan Bank Indonesia,non_kuliner,-7.287466,112.730185,"Jl. Taman Mayangkara No.6, Darmo, Kec. Wonokromo, Surabaya, Jawa Timur 60241",https://tourism.surabaya.go.id/api/helper/show-file/tourist-destination-files/9af3fe46-e435-4537-baac-1a507478eb63,,
BG Junction,mall,-7.2553559,112.7337931,"Jl. Bubutan, Bubutan, Kec. Bubutan, Surabaya, Jawa Timur 60174",https://tourism.surabaya.go.id/api/helper/show-file/tourist-destination-files/9d980fe1-085d-4f88-b565-38cba6719652,,
Gelora Pancasila dan Lapangan THOR,non_kuliner,-7.2870625,112.7299574,"Jl. Patmosusastro No.12, Darmo, Kec. Wonokromo, Surabaya, Jawa Timur 60256",https://tourism.surabaya.go.id/api/helper/show-file/tourist-destination-files/9ad63514-4159-472b-b09b-643dce8e1780,,
Gedung Nasional Indonesia & Dr. Soetomo Museum,non_kuliner,-7.2508131,112.7354375,,,,
Monumen Tugu Pahlawan dan Museum Sepuluh Nopember,non_kuliner,-7.2458330422657,112.7378153801,"Jl. Pahlawan, Alun-alun Contong, Kec. Bubutan, Surabaya, Jawa Timur 60174",https://tiketwisata.surabaya.go.id/storage/tour/monumen-tugu-pahlawan_1680340884.jpeg,,
Makam Ereveld Kembang Kuning,non_kuliner,-7.282948,112.727548,"Jl. Kembang Kuning Makam Atas No.1, Pakis, Kec. Sawahan, Surabaya, Jawa Timur 60256",https://tourism.surabaya.go.id/api/helper/show-file/tourist-destination-files/9f3e9ca8-e5dd-42db-a399-315e7a818e6d,,
Kebun Raya Mangrove,non_kuliner,-7.3308016,112.8156243,"MR98+GVX, Jalan Medokan Sawah Timur Segoro Tambak Sedati, Medokan Ayu, Kec. Rungkut, Surabaya, Jawa Timur 60295",https://tourism.surabaya.go.id/api/helper/show-file/tourist-destination-files/9e4144cb-3fdd-4b9a-98fd-e46886b4dc1e,,
Pos Bloc Surabaya,non_kuliner,-7.242712015,112.7375157,"Jl. Kebon Rojo, Krembangan Sel., Kec. Krembangan, Surabaya, Jawa Timur 60175",https://tourism.surabaya.go.id/api/helper/show-file/tourist-destination-files/9d926b34-9dfc-458b-a835-e2cc2ddb7df3,,
Royal Plaza,mall,-7.3089332,112.7348904,"Jl. Kebon Rojo, Krembangan Sel., Kec. Krembangan, Surabaya, Jawa Timur 60175",https://tourism.surabaya.go.id/api/helper/show-file/tourist-destination-files/9d9806ea-ee50-4c3f-b647-1b0631ec580d,,
Taman Mayangkara,non_kuliner,-7.306994,112.733335,"MPVP+662, Wonokromo, Surabaya, East Java 60243",https://tourism.surabaya.go.id/api/helper/show-file/tourist-destination-files/9998aa78-e722-41ed-8269-4bad0aeac7e2,"Berlokasi di tengah kota, tepatnya berada di bawah jalan layang Mayangkara, Wonokromo. Selain terdapat Monumen Mayangkara, taman ini juga dilengkapi dengan fasilitas publik, seperti lapangan basket dan sepak bola.",
Kampung Lawas Maspati,non_kuliner,-7.247344,112.73394,"QP3P+26H, Jl. Maspati Gg. VI, Bubutan, Kec. Bubutan, Surabaya, Jawa Timur 60174",https://static.promediateknologi.id/crop/0x0:0x0/0x0/webp/photo/ibenews/2023/10/WhatsApp-Image-2023-10-21-at-1.25.12-PM.jpeg,,
Kampung Wisata Ondemohen,non_kuliner,-7.254707,112.728959,,,,
Makam Boto Putih,non_kuliner,-7.232666,112.743821,"Jl. Pegirian, Sidodadi, Kec. Simokerto, Surabaya, Jawa Timur",https://sofiaabdullah.com/wp-content/uploads/2022/04/20220130_1021344904293542381636307.jpg?w=768,,
Monumen Diponegoro,non_kuliner,-7.27273,112.723254,,,,
Siropen (pabrik limun dan sirup telasih),oleh_oleh,-7.2373207,112.737195,"Jl. Mliwis No.5, Krembangan Sel., Kec. Krembangan, Surabaya, Jawa Timur 60175",https://assets.promediateknologi.id/crop/0x0:0x0/0x0/webp/photo/radarsurabaya/2022/12/ok_surabayapedia-Pabrik-Siropen.jpg,,
Kota Lama Surabaya,non_kuliner,-7.23607432,112.7373975,"Jl. Rajawali Jl. Jembatan Merah, Kota Lama, Kec. Krembangan, Surabaya, Jawa Timur",https://static.promediateknologi.id/crop/0x0:0x0/0x0/webp/photo/p2/218/2024/07/16/SURYANTO-WISATA-KOTA-LAMA-7-947757994.jpg,"Kota Lama Surabaya lebih dari sekadar kisah tentang terbentuknya Surabaya sebagai kota pelabuhan dan perdagangan. Kota Lama Surabaya juga bermakna kota multikultural yang dihuni berbagai etnik/bangsa dari berbagai belahan dunia. Kota Lama Surabaya juga menjadi latar utama terjadinya peristiwa pemicu pertempuran 10 November 1945, yang lantas abadi dalam julukan Kota Pahlawan.",Shadrina
Masjid Agung Sunan Ampel,non_kuliner,-7.230335,112.742906,"Jl. Ampel Masjid No.53, Ampel, Kec. Semampir, Surabaya, Jawa Timur 60151",https://www.rumah123.com/seo-cms/assets/large_Masjid_Ampel_Surabaya_Bukti_Penyebaran_Islam_di_Jawa_90b7d01e1c/large_Masjid_Ampel_Surabaya_Bukti_Penyebaran_Islam_di_Jawa_90b7d01e1c.jpg,"Daya Tarik wisata religi Masjid dan Makam Sunan Ampel adalah tempat peziarahan. Masjid Ampel ini dibangun untuk menghormati Sunan Ampel sebagai salah seorang wali penyebar Agama Islam di Pulau Jawa. Beliau adalah putra Ali Rachmatullah, kemudian menjadi Raden Rachmat yang akhirnya disebut sebagai Sunan Ampel. Beliau wafat pada tahun 1481 dan dimakamkan di sebelah kanan Masjid Ampel. Masjid Ampel banyak dikunjungi sebagai destinasi wisata religi bagi wisatawan muslim pada umumnya dari dalam maupun luar negeri. Bentuk bangunannya juga masih terjaga hingga kini.",
Gedung Internatio,non_kuliner,-7.2358403784658,112.73711539986,"QP7P+MR9, Krembangan Sel., Kec. Krembangan, Surabaya, Jawa Timur 60175",https://wisataman.wordpress.com/wp-content/uploads/2013/01/wpid-dsc001471.jpg?w=1560,"Gedung Internatio (Internatio Willemsplein) dahulu digunakan sebagai kantor Internationale Crediet-en Handels-Vereeniging Rotterdam atau Perkumpulan Kredit dan Perdagangan Internasional Rotterdam. Dibangun pada tahun 1929 dan dikerjakan oleh biro arsitek AIA (Algemeen Ingenieurs en Architecten Bureau), gedung ini kemudian dikuasai pasukan sekutu setelah mendarat di Pelabuhan Tanjung Perak.",
Gedung PTPN I Regional 4,non_kuliner,-7.237955,112.73472,"Jl. Merak No.1, Krembangan Sel., Kec. Krembangan, Surabaya, Jawa Timur 60175",https://www.eastjava.com/tourism/surabaya/images/gallery/ptpn_building/ptpn-11-001.jpg,"Gedung bersejarah yang kini menjadi kantor PT. Perkebunan Nusantara XI pada awalnya adalah milik HVA (Handels Vereeniging Amsterdam/Asosiasi Pedagang Amsterdam). Kala itu di Indonesia, HVA menangani kegiatan ekspor gula ke luar negeri. Gedung HVA mulai dibangun pada tahun 1920 hingga 1921 dan diresmikan pada tanggal 18 April 1925.",
De Javasche Bank (Museum Bank Indonesia),non_kuliner,-7.235292,112.73672,"Jl. Garuda No.1, Krembangan Sel., Kec. Krembangan, Surabaya, Jawa Timur 60175",https://statik.tempo.co/data/2022/06/15/id_1117688/1117688_720.jpg,"De Javasche Bank mengusung konsep Neo-Renaissance yang meliliki ciri khas seperti unsur simetris. Bangunan seluas 1000 meter persegi ini sebenarnya adalah hasil pugaran pada tahun 1910. Difungsikan pertama kali pada tanggal 14 September 1829, pemerintah Hindia Belanda memutuskan untuk membangun gedung baru di tempat yang sama dengan alasan modernisasi. Bangunannya didesain lebih ramah terhadap iklim tropis di Indonesia. Setelah De Javasche Bank dinasionaliasi oleh pemerintah pada tahun 1951, gedung ini menjadi kantor Bank Indonesia perwakilan Surabaya pada tahun 1953 hingga 1972. Lalu, pada 27 Januari 2012, gedung tiga lantai milik Bank Indonesia ini ditetapkan sebagai cagar budaya. Kini, masyarakat yang ingin melihat jejak perbankan di Surabaya bisa berkunjung ke sana secara gratis. Letaknya pun mudah dijangkau dengan kendaraan pribadi maupun transportasi umum.",
Jatim International Expo(JIE) Convention Exhibition,non_kuliner,-7.318212,112.731929,"Jl. Ahmad Yani No.99, Jemur Wonosari, Kec. Wonocolo, Surabaya, Jawa Timur 60234",https://venuemagz.com/wp-content/uploads/2017/04/venuemagz-20151015170247-800x533_c.jpg,"Gedung yang semula bernama Jatim International Expo, dan kini dikenal sebagai JX International, merupakan gedung konvensi dan ekshibisi terbesar di Indonesia Timur dengan luas area pameran lebih dari 5000 m2 serta ketinggian atap/plafon hingga 15 m. Sejak tahun 2011, JX International telah dilengkapi dengan beberapa fungsi ruang tambahan, di antaranya ruang meeting, kafe di main lobby, dan area perkantoran di basement. Sejak mengganti merek, jumlah event di tempat ini bertambah hingga 40%, rutin menggelar berbagai acara besar seperti BUMD Expo, Pameran Kids and World, dan Pameran Haji dan Umrah, serta sering menjadi lokasi untuk seminar, lomba-lomba, job fair, festival musik, hingga pameran produk fashion, makanan, buku, perumahan dan apartemen, dan lain-lain.",
Panti Asuhan Don Bosco,non_kuliner,-7.256858,112.719772,"Jl. Tidar No.115, Petemon, Kec. Sawahan, Surabaya, Jawa Timur 60252",https://tourism.surabaya.go.id/api/helper/show-file/tourist-destination-files/9af3ff0e-1583-4770-9a10-2f23cfb6f4b5,"Yayasan Don Bosco didirikan oleh G.J ter Veer pada tahun 1927. Panti asuhan Don Bosco awalnya berada di Jl. Ngemplak, hingga pada tahun 1937 pindah ke Jl. Tidar sampai sekarang. Panti asuhan menjadi bagian dari peristiwa bersejarah di Surabaya. Sempat menjadi gudang senjata pada saat kependudukan Jepang, hingga pada September 1945, arek-arek Suroboyo menyerbu gedung Don Bosco untuk merebut senjata milik kesatuan Jepang, Dai 10360 Butai Kaisutiro.",
Ciputra World Mall Surabaya (CIWO),mall,-7.293017,112.717147,"Jl. Mayjen Sungkono No.89, Gn. Sari, Kec. Dukuhpakis, Surabaya, Jawa Timur 60225",https://kfmap.asia/storage/thumbs/storage/photos/ID.SRB.RT.CWM/ID.SRB.RT.CWM_1.jpg,"Ciputra World Surabaya berlokasi di CBD Mayjen Sungkono Surabaya, dibangun dengan konsep Superblock yang berdiri diatas lahan seluas 9 Hektar akan menjadi salah satu superblock terbesar di Indonesia.Superblock yang terdiri dari Mall Ciputra World, Ciputra World Hotel, Skyloft-SOHO, dan The Voila Apartment melengkapi Ciputra World sebagai fungsi entertaining, perhotelan, perkantoran, dan hunian.",
Museum Pusat Angkatan Laut,non_kuliner,-7.2218125,112.7400625,"Koarmada II, Surabaya, Jawa Timur 60154",https://aset.indonesiadefense.com/wp-content/uploads/2023/09/Musem-Pusat-TNI-AL-.jpeg,"Museum Pusat Angkatan Laut yang diresmikan pada 11 September 2023 ini berlokasi diatas lahan seluas 3,2h dan berada di ujung utara kota Surabaya. Museum pintar ini dirancang dengan menggunakan teknologi 4.0. dan terdapat ruang terbuka hijau dengan konsep yang teduh dan asri. Museum ini juga menawarkan pengalaman interaktif, simulasi, dan edukatif dengan berbagai koleksi yang menarik.",
Pelangi Park,non_kuliner,-7.327315645,112.7312349,"Jl. Ahmad Yani No.138, Gayungan, Kec. Gayungan, Surabaya, Jawa Timur 60235",https://surabayaasik.com/wp-content/uploads/2025/07/Taman-Pelangi-Surabaya-Destinasi-Wisata-Penuh-Warna-di-Jantung-Kota-Pahlawan-Foto-static.promediateknologi.id_.jpg,Disebut sebagai Taman Pelangi karena keindahan lampu warna-warni yang terpasang di instalasi balok yang menyerupai setengah daun yang berkelok yang berada di tengah-tengah taman.,
Jamboree Playland,non_kuliner,-7.3198122,112.7187174,Ketintang Madya VII No.4,https://tourism.surabaya.go.id/api/helper/show-file/tourist-destination-files/9dbc6dca-8668-4ace-803a-0072a0da7bb5,"Jamboree Playland merupakan tempat hiburan baru di Kota Surabaya yang cocok untuk dijadikan destinasi berlibur bersama anak dan keluarga. Adapun fasilitas yang tersedia antara lain Kolam renang Dewasa dengan kedalaman 125 cm, kolam renang anak-anak dengan ukuran 30 cm dan 50 cm, Taman Sensorik, toilet dan ruang ganti untuk pria, wanita dan disabilitas.",
Lagoon Avenue Mall Sungkono,mall,-7.289699,112.704489,"Jl. KH Abdul Wahab Siamin Surabaya No.Kav. 9-10, Putat Gede, Kec. Dukuhpakis, Surabaya, Jawa Timur 60225",https://surabayaasik.com/wp-content/uploads/2025/10/Lagoon-Avenue-Mall-Sungkono-Foto-Tripadvisor.jpg,"Lagoon Avenue Mall Sungkono (LAVE Mall)adalah Lifestyle Mall yang terletak di kawasan superblok Grand Sungkono Lagoon dengan tema unsur alam di sekitarnya. Atap skylight akan membawa nuansa outdoor ke dalam ruangan, dan kafe terapung, di mana orang dapat menikmati makan dengan pemandangan laguna.",
Trans Icon Mall Surabaya,mall,-7.3386863,112.7287286,"Jl. Ahmad Yani No.260, Siwalankerto, Kec. Wonocolo, Surabaya, Jawa Timur 60235",https://transfashionindonesia.com/wp-content/uploads/2023/11/Trans-Icon-Mall-Surabaya_01.jpg,"Trans Icon Mall Surabaya (disingkat TIM/TIMS) adalah pusat perbelanjaan yang terletak di superblok The Trans Icon. Mal ini terdiri dari 4 lantai. Di mall ini terdapat wahana bermain salju Trans Snow World yang terletak di lantai 4. Selain itu, mal ini ditempati oleh berbagai penyewa antara lain Metro Department Store, Transmart, Cinema XXI, Oh! Some, dan masih banyak lagi. Trans Icon Mall Surabaya merupakan family mall yang berkonsep untuk menyediakan seluruh keperluan keluarga dalam satu tempat.",
Museum Loka Jala Crana,non_kuliner,-7.227185,112.718997,"Akademi TNI Angkatan Laut, Jl. Moro Krembangan, Bumimoro, Kec. Krembangan, Surabaya, Jawa Timur 60178",https://lapispahlawan.co.id/uploads/6/2023-11/museum_loka_jala_crana.jpg,"Museum TNI AL Loka Jala Crana (sebelumnya bernama Museum Akabri Laut) berdiri pada tanggal 19 September 1969. Pada tanggal 10 Juli 1973, Museum Akabri Laut berubah nama menjadi Museum TNI Angkatan Laut. Dan akhirnya pada 6 Oktober 1979 menjadi Museum Loka Jala Crana. Loka Jala Crana berarti tempat untuk menyimpan, mengabadikan dan menyajikan peralatan atau sarana yang dipergunakan oleh TNI Angkatan Laut. Di area Museum Loka Jala Crana juga terdapat Planetarium yang semula difungsikan sebagai sarana pembelajaran ilmu astronomi bagi Taruna Angkatan Laut. Namun seiring berjalannya waktu Planetarium dibuka untuk umum sejak tahun 1973 hingga sekarang. Gedung Planetarium ini merupakan salah satu bangunan Cagar Budaya.",
Kampung Hijau Jambangan,non_kuliner,-7.323424,112.715288,"MPXR+J4H, Jalan, Jagir, Wonokromo, Surabaya, East Java 60244",https://lh6.googleusercontent.com/bWlbZWAjGr_XJqV9BDSbYyWOond_CJotd6B1OW3vO8i2x4lsG_QNgu8S4P8F72HEXt1M-Z5zuUXdKlBzthKLqmTRRa2uU83FyV2uYWexOeG8tUth0XTWiaPA6YPOS4bOx86jTgBrniZ0,"Kampung Hijau Jambangan mempunyai keunikan. Seperti nama Jambangan yang berarti tempat bunga atau pot, filosofi ini sesuai dengan kondisi tempat tersebut yakni indah dan menarik. Di kampung ini wisatawan berkesempatan melihat berbagai kegiatan warga seperti pengolahan sampah, diawali dengan pemisahan sampah organik dan nonorganik. Sampah organik diolah menjadi kompos, sedangkan non-organik berupa plastik diolah kembali menjadi tas, pot bunga, payung, jaket dan souvenir. Warga memiliki 3 komposter, dapat menampung sampah sekitar 200-300 KK. Tak hanya limbah oraganik dan non-organik yang dikelola namun juga limbah air melalui permurnian",
Museum Nahdlatul Ulama,non_kuliner,-7.33831,112.7237836,"Jl. Gayungsari Bar. X No.11, Menanggal, Kec. Gayungan, Surabaya, Jawa Timur 60234","https://i1.wp.com/inisurabaya.com/wp-content/uploads/2019/06/museum-NU.jpg?resize=768,472","Museum Nahdlatul Ulama (NU) di Surabaya, yang diresmikan oleh K.H. Abdurrahman Wahid pada tahun 2004 dan berlokasi strategis dekat Masjid Nasional Al-Akbar, merupakan etalase sejarah penting yang mendokumentasikan perjalanan organisasi Islam terbesar di Indonesia serta peran sentral ulama dalam perjuangan bangsa. Museum ini memiliki koleksi yang terbagi dalam dua lantai, di mana lantai dasar menyajikan Galeri Walisongo yang mengulas penyebaran Islam Nusantara dan potret para pendiri NU, sementara lantai atas memamerkan berbagai artefak bersejarah, dokumen, dan benda peninggalan penting seperti tongkat K.H. Abdul Wahab Chasbullah, menjadikannya destinasi edukatif yang kaya akan nilai kebangsaan dan spiritual.",
Supermal Pakuwon Indah dan Pakuwon Trade Center (PTC),mall,-7.293435,112.698945,"Jl. Raya Lontar No.2, Babatan, Kec. Wiyung, Surabaya, Jawa Timur 60123",https://cdn1-production-images-kly.akamaized.net/DMVg4nMRaaBLN7mjatOY940W4b4=/1200x675/smart/filters:quality(75):strip_icc():format(jpeg)/kly-media-production/medias/3032175/original/066925200_1579929835-PKW-MallCom-02PM-Gallery01.jpg,"Sebagai salah satu pusat perbelanjaan dan hiburan di kawasan terpadat di Surabaya, Pakuwon Mall awalnya bernama Supermal Pakuwon Indah dan berdiri pada tahun 2003 di atas lahan seluas 30 Ha. Pakuwon Mall menyediakan one stop place yang menawarkan kehidupan modern termasuk pusat perbelanjaan, berbagai pilihan tempat makan, dan hiburan untuk keluarga.",
Masjid Nasional Al Akbar,non_kuliner,-7.3366141,112.7151806,"Jl. Masjid Al-AkbarTimur No.1, Pagesangan, Kec. Jambangan, Surabaya, Jawa Timur 60233",https://asset.kompas.com/crops/7FThLNHA3e2mKaybRH3z6uAJKa8=/1x0:982x654/750x500/data/photo/2023/03/28/642249338df4c.jpg,"Masjid Al Akbar Surabaya (MAS) menjadi salah satu potret sosok masjid yang menjadi pilar aktivitas sosial. Masjid itu menjadi masjid terbesar di Indonesia, yang mendampingi sekaligus melengkapi masjid yang dimiliki Indonesia sebelumnya, Masjid Istiqlal Jakarta. Masjid Al Akbar berdiri di atas lahan seluas 11.2 hektar dan mulai dibangun pada 4 Agustus 1995-ditandai peletakan batu pertama oleh wakil presiden Try Sutrisno. Pada 20 November 2000 masjid itu diresmikan Presiden KH Abdurrahman Wahid dan mampu menampung 30.000 jama’ah. Pemilihan 10 November sebagai hari peresmian karena merupakan identitas hari jadi Kota Surabaya sekaligus Hari Pahlawan.",
Monumen Jalesveva Jayamahe,non_kuliner,-7.195475,112.739521,"Armada Timur Ujung, Ujung, Kec. Semampir, Surabaya, Jawa Timur 60155",https://lapispahlawan.co.id/uploads/2/2021-08/museum-jalasveva-jayamahe-surabaya.jpg,"Monumen Jalasveva Jayamahe (MONJAYA) berarti “di lautan kita jaya” diresmikan pada tahun 1995. Monumen ini menggambarkan sosok Perwira TNI AL berbusana Pakaian Dinas Upacara (PDU) lengkap dengan pedang kehormatan yang sedang menatap ke arah laut, siap menantang gelombang dan badai di lautan. Hal ini merepresentasikan Angkatan Laut Indonesia siap Berjaya. Patung setinggi 30,6m ini berdiri di atas bangunan museum.",
Surabaya North Quay,non_kuliner,-7.19709,112.732303,Terminal Penumpang Gapura Surya Nusantara Lt. 3,https://assets.pikiran-rakyat.com/crop/0x0:0x0/720x0/webp/photo/2025/02/26/2345226471.jpg,"Berada di lantai 3 area pelabuhan Pelindo 3 Surabaya North Quay (SNQ) beroperasi sejak tahun 2016. SNQ menyuguhkan wisata bertema maritim. Keindahan sunset juga bisa dinikmati dari sini dengan suguhan pemandangan Selat Madura, Jembatan Suramadu, serta aktivitas lalu – lalang kapal di pelabuhan Tanjung Perak. Selain itu, pengunjung juga bisa berwisata kuliner, membeli oleh-oleh serta menikmati sunset di fasilitas Teras Tepi Laut dengan membayar Rp 50.000 untuk ditukar dengan voucher makanan / minuman.",
Bukit Darmo Golf,play,-7.289185,112.685052,"Jl. Bukit Darmo Golf No.2 BLOK G, Pradahkalikendal, Kec. Dukuhpakis, Surabaya, Jawa Timur 60226",https://tugujatim.id/wp-content/uploads/2025/01/bukit_darmo_golf-1140x570.jpg,"Bukit Darmo Golf (BDG) adalah lapangan golf kejuaraan 18 hole (Par 72) yang berlokasi strategis di Surabaya Barat, didesain oleh arsitek golf ternama Jack Nicklaus II. Lapangan ini menawarkan tantangan yang menarik bagi semua level pemain berkat desainnya yang variatif, didominasi oleh fairway lebar dan green yang dijaga oleh danau serta bunker. BDG menyediakan fasilitas lengkap berstandar internasional, termasuk Aquatic Driving Range dengan 80 bay yang menghadap ke danau buatan dan sekolah golf profesional. Selain itu, Club House bergaya Mediterania dilengkapi dengan restoran dan Golfer Terrace yang menyajikan hidangan lokal hingga internasional dengan pemandangan lapangan hijau, menjadikannya destinasi sempurna untuk olahraga sekaligus relaksasi.",
Golf Graha Family,play,-7.29576,112.6855985,"Jl. Raya Golf Graha Famili, Pradahkalikendal, Kec. Dukuhpakis, Surabaya, Jawa Timur 60277",https://www.golfgraha.com/assets/img/about3.jpg,"Golf Graha Family berstandar internasional dengan lokasi yang sangat strategis yaitu berada dekat dengan kompleks perumahan dan pusat perbelanjaan. Dibangun pada tahun 1995, Golf Graha Family memiliki 18 hole dengan par 72 dan panjang 6.210 meter didukung oleh deretan pohon palem, sungai, danau, kontur lahan berbukit dan berlembah, bunker beragam ukuran, dan beberapa jembatan serta pemandangan yang asri.",
Taman Hutan Raya Balasklumprik,non_kuliner,-7.329665,112.689062,"Jl. Balas Klumprik, Balas Klumprik, Kec. Wiyung, Surabaya, Jawa Timur 60222","https://blue.kumparan.com/image/upload/fl_progressive,fl_lossy,c_fill,f_auto,q_auto:best,w_640/v1572513260/povcttjlbge5gy4slqof.jpg","Taman Hutan Raya Balas Klumprik merupakan area publik yang bisa digunakan untuk berjalan-jalan ataupun melepas penat setelah bekerja. Hutan Kota Balas Klumprik memiliki area seluas 4,3 hektare yang terdiri dari area perkemahan, perairan, hingga area taman.",
Supermall Surabaya Convention Center (SSCC),mall,-7.289835,112.673583,"Level 1, Pakuwon Trade Centre, Jl. Mayjend. Jonosewojo No.2, Babatan, Kec. Wiyung, Surabaya, Jawa Timur 60227",http://ttgmice.2017.ttgasia.com/wp-content/uploads/sites/3/2025/01/Dyandra_Convention_Center_Surabaya_MG_6901_640.jpg,"Supermall Surabaya Convention Center (SSCC) adalah salah satu convention center terbesar di Surabaya dan cocok untuk berbagai acara, seperti pameran, konser, hingga perkumpulan. Supermall Surabaya Convention Center (SSCC) sangat luas dan nyaman dengan kapasitas 5.000 orang.",
Taman Hutan Raya Lempung,non_kuliner,-7.265007,112.670936,"PMMF+X6X, Lontar, Sambikerep, Surabaya, East Java 60186",https://tunashijau.id/wp-content/uploads/2021/06/tahuralempung1.jpg,"Tahura Lempung memiliki luas sekitar 1,9 hektar ini diharapkan menjadi tempat pelestarian alam, tumbuhan dan ternak. Selain dibangun mini boezem, di lokasi ini juga ditanami berbagai jenis tanaman toga serta produktif",
Makam Sawunggaling,non_kuliner,-7.30324,112.670455,"Jl. Lidah Wetan Tengah No.27, Lidah Wetan, Kec. Lakarsantri, Surabaya, Jawa Timur 60213",https://static.promediateknologi.id/crop/0x0:0x0/0x0/webp/photo/sapanusa/2023/10/IMG_20231003_134318.jpg,"Makam Raden Sawunggaling, yang juga dikenal sebagai Joko Berek, adalah situs ziarah dan cagar budaya di Lidah Wetan, Lakarsantri, Surabaya Barat. Sosok legendaris ini adalah seorang Adipati Surabaya yang terkenal gigih melawan penjajahan VOC Belanda serta berjasa sebagai pembuka lahan di Surabaya bagian barat. Makam yang ditemukan pada tahun 1901 ini telah ditetapkan sebagai Cagar Budaya Kota Surabaya dan rutin dikunjungi peziarah, menjadikannya destinasi yang penting untuk mempelajari sejarah perjuangan dan spiritualitas lokal.",
Pakuwon Golf & Family Club,"play, mall",-7.293259,112.665442,"Jl. Pakuwon Indah Lontar Barat, Lidah Wetan, Kec. Lakarsantri, Surabaya, Jawa Timur 60213",https://encrypted-tbn0.gstatic.com/images?q=tbn:ANd9GcTOpheYHGgqnjbD3uEyny1KtZkbSPOBlYE5wQ&s,"Pakuwon Golf & Family Club adalah kompleks olahraga dan gaya hidup bergengsi di Surabaya Barat yang terintegrasi dengan area perbelanjaan. Klub ini memiliki lapangan golf 18 hole yang dirancang oleh Thomson & Wolfrige, dengan konsep unik ""African Lost City"". Daya tarik utamanya adalah sebagai satu-satunya lapangan di Surabaya yang menyediakan fasilitas bermain golf malam. Selain itu, klub ini menawarkan fasilitas lengkap untuk keluarga, termasuk area latihan driving range, kolam renang, dan Club House yang juga menaungi ballroom besar untuk berbagai acara.",
Wethan Wonderland Village,non_kuliner,-7.2523702,112.6600907,"PMR7+847, Gg. IV K, Banjar Sugihan, Kec. Tandes, Surabaya, Jawa Timur 60185",https://surabayaasik.com/wp-content/uploads/2025/07/Wethan-Wonderland-Surabaya-Destinasi-Impian-di-Tengah-Kota-Pahlawan-Foto-wethanwonderland.com_.jpg,"Wethan Wonderland adalah destinasi wisata kampung tematik yang terletak di RW 01, Kelurahan Banjarsugihan, Surabaya. Tempat ini unik karena menghadirkan enam kampung dengan konsep akulturasi budaya lokal dan mancanegara, seperti Kampung Jawara (Jawa-Eropa) dan Kampung Jelita (Jepang-Bali). Pengunjung dapat menikmati berbagai zona tematik, berfoto di spot unik, dan mencicipi kuliner lokal. Wethan Wonderland merupakan destinasi berbasis komunitas yang berfokus pada pemberdayaan UMKM dan menawarkan pengalaman wisata yang kreatif dan terjangkau.",
Taman Hutan Raya Jeruk,non_kuliner,-7.30512,112.647348,"Jalan Raya Menganti, Jeruk No. 277, Kecamatan Lakarsantri, Surabaya",https://blog.agendakota.id/wp-content/uploads/2025/08/e19bbdcc-100c-432c-b856-b14e018048fe.jpg,"Taman Hutan Raya Jeruk lebih dikenal sebagai Bukit Teletubies. Karena memiliki nuansa seperti bukit Teletubies yang berwarna hijau yang luas dan sejuk. Ada Gazebo, sport area, sangkar burung yang besar bahkan kolam ikan pun ada di sini.",
Orasis Art Space,non_kuliner,-7.2833672,112.6434948,"Jl. Bukit Golf No.B2-25, Sambikerep, Kec. Sambikerep, Surabaya, Jawa Timur 60219",https://orasis.art/wp-content/uploads/2023/10/IMG_0999-1-1024x682.jpg,"Orasis Art Space adalah galeri seni berkonsep modern yang berada di Surabaya Barat. Berbagai instalasi seni dipamerkan disini. Selain melihat karya seni yang beragam, disini pengunjung juga bisa menikmati fasilitas lainnya seperti bersantai di cafe yang ada di dalam galeri, workshop hingga jamming. Berbagai event pameran seni rupa, bedah buku kesenian, talkshow kesenian, dll sering diadakan di galeri ini.",
Taman Anggrek Sememi,non_kuliner,-7.248209,112.645412,"QJ2W+P57, Jl. sememi Jaya Utara Gg. II, Sememi, Kec. Benowo, Surabaya, Jawa Timur 60198",https://assets.promediateknologi.id/crop/0x0:0x0/0x0/webp/photo/radarsurabaya/2022/10/web-sememi.jpg,"Selain unik karena dibangun pada kawasan bekas eks lokalisasi, Taman Anggrek Sememi juga dianggap mampu membuat udara sekitar menjadi lebih sejuk dan berkualitas. Selain bunga anggrek, objek wisata Surabaya ini ternyata juga memiliki budidaya jamur di dalamnya. Tidak hanya budidaya, destinasi ini juga mengajarkan cara pengolahan jamur kepada wisatawan yang datang. Jadi tempat ini juga sangat cocok untuk Anda kunjungi dengan anak sebagai wisata edukasi. Objek wisata yang masih baru ini juga cukup menarik perhatian pengunjung karena tempatnya yang menarik dengan berbagai spot yang instagenik. Jadi bagi Anda yang gemar untuk berswafoto",
Romokalisari Adventure Land,non_kuliner,-7.1988979,112.664812,"RM27+9XQ, Jl. Romokalisari I, Romokalisari, Kec. Benowo, Surabaya, Jawa Timur 60192",https://cdn.antaranews.com/cache/1200x800/2022/09/26/eri-dan-romokalisasi-land.jpg,Sentra Ikan Romokalisari (SIR) diresmikan Wali Kota Surabaya Tri Rismaharini (sekarang menteri sosial) pada 10 Desember 2020. Terdapat sebuah pulau di dekat SIR ini yaitu gugusan Pulau Galang yang menjadi menu utama wisata perahu di Sentra Ikan Romokalisari.,
Ciputra Golf & Family Club,"play, mall",-7.292831,112.634417,"Jl. Citra Raya Utama, Lakarsantri, Kec. Lakarsantri, Surabaya, Jawa Timur 60219",https://cdn.golflux.com/wp-content/uploads/2017/04/Ciputra-Golf-Club-Hotel-Surabaya.jpg,"Ciputra Golf & Family Club adalah kompleks olahraga dan rekreasi mewah yang berlokasi di dalam perumahan CitraLand, Surabaya Barat. Klub ini merupakan yang terbesar dan terpopuler di Jawa Timur, menawarkan lapangan golf 27 hole seluas lebih dari 100 hektar yang dirancang untuk turnamen regional hingga internasional. Lapangan golfnya terbagi menjadi tiga nuansa berbeda: Valley, Lake, dan Hill, memanfaatkan topografi perbukitan alami. Selain golf, fasilitas di sana sangat lengkap, termasuk aquatic driving range, Ciputra Golf Club & Hotel bintang 4, spa, fitness center, kolam renang, lapangan tenis, serta Wedding Chapel yang elegan dengan pemandangan lapangan golf.",
Stadion Gelora Bung Tomo (GBT),non_kuliner,-7.222961688,112.6227241,"QJGF+P47, Benowo, Pakal, Surabaya, East Java 60196",https://www.datra.id/uploads/cache/projects/whatsapp-image-2020-12-08-at-114922-am-1-3-535x453.jpeg,"Stadion Gelora Bung Tomo adalah sebuah stadion serbaguna di Surabaya, Stadion ini dibuka pada 6 Agustus 2010. Keseluruhan komplek olahraga sedang dibangun. Stadion ini menggantikan Stadion Gelora 10 November. Stadion Gelora Bung Tomo dapat menampung 55.000 penonton. Pengunjung bisa menikmati pertandingan sepak bola level lokal hingga nasional.",
Taman Hutan Raya Pakal,non_kuliner,-7.234979151,112.620798,"QJ7C+W82, Pakal, Surabaya, East Java 60196",https://asset.kompas.com/crops/o5pVbsStYCcbNcsiqsbK6laMA7E=/0x0:0x0/750x500/data/photo/2023/01/29/63d62f5c0cac7.jpg,"Taman Hutan Raya Pakal, yang juga dikenal sebagai Hutan Kota Pakal, adalah ruang terbuka hijau seluas 6,85 hektar di Surabaya Barat, berfungsi sebagai ""paru-paru kota"" dan destinasi wisata yang menawarkan suasana sejuk dan asri. Hutan ini ditanami puluhan jenis pohon seperti Cemara Udang dan Trembesi, serta dilengkapi dengan danau buatan, tambak ikan untuk budidaya dan memancing, kebun pertanian warga, dan wahana Offroad Adventure baru di Hutan Cemara. Tempat ini populer untuk piknik keluarga dan relaksasi, dengan fasilitas pendukung seperti area bermain anak dan gazebo untuk bersantai.",
Tanoshi Sushi,makanan_berat,"-7,28940168","112,7834313","Jl. Arief Rahman Hakim No.131, Keputih, Kec. Sukolilo, Surabaya, Jawa Timur 60117",https://img.antaranews.com/cache/1200x800/2021/07/20/SWK-surabaya_1.jpeg.webp,"Tanoshi Sushi adalah tempat makan sushi terjangkau di sentra kuliner Jalan Arief Rahman Hakim, Surabaya. Nama ""Tanoshi"" dalam bahasa Jepang bermakna menyenangkan atau gembira, mencerminkan harapan agar pengunjung menikmati hidangan Jepang dalam suasana yang santai dan menggembirakan. Tempat ini populer bagi mahasiswa dan warga sekitar karena praktis dan mudah diakses.",
Nasi Goreng Pak De (PERMAMENTLY CLOSED),makanan_berat,"-7,319016733","112,7978629",Jl Wonoayu No 132 Medokan Ayu Depan Langgar Besar Miftahul Huda Rungkut Surabaya,,,
Waroeng Soerabi Bandoeng Surabaya,makanan_ringan,"-7,264279454","112,7955793","Jl. Raya Mulyosari No.164, Kalisari, Kec. Mulyorejo, Surabaya, Jawa Timur 60113",https://beritajatim.com/wp-content/uploads/2022/01/1-14.jpg,"Waroeng Soerabi Bandoeng merupakan tempat makan spesialis surabi dengan berbagai pilihan rasa manis dan asin. Tempat ini berlokasi di Jl. Raya Mulyosari No.164, Kalisari, Kec. Mulyorejo, Surabaya.",
Penyetan Bu Kristin (gak nemu),makanan_berat,"-7,325857477","112,7978084",,,,
Dapur Mama INA (gak nemu),makanan_ringan,"-7,28802769","112,7665698",,,,
GADO GADO PAK HARDI (gak nemu),makanan_berat,"-7,2772519","112,7691333",,,,
Dapur Bu Erna,makanan_ringan,"-7,2767233","112,7649315","Jl. Kalidami IX No.1c, Mojo, Kec. Gubeng, Surabaya, Jawa Timur 60285, Indonesia",https://scontent.cdninstagram.com/v/t51.75761-15/484318868_18057896864102517_9132347896038192773_n.webp?_nc_cat=104&ig_cache_key=MzU4NzQ5NDMyNzkwMTQzNTM2Mg%3D%3D.3-ccb1-7&ccb=1-7&_nc_sid=58cdad&efg=eyJ2ZW5jb2RlX3RhZyI6InhwaWRzLjE0NDB4MTgwMC5zZHIuQzMifQ%3D%3D&_nc_ohc=55EZfzrgVHkQ7kNvwEPEIqg&_nc_oc=Adli-ScqbiVUZeXyJ8KZ-V-khtXTcLom8k_QXRFBw9Ax68jcJhSuhUyJ8xqJl-ec_3yuiFKC0wk1PPU9K6OSmIRW&_nc_ad=z-m&_nc_cid=1225&_nc_zt=23&_nc_ht=scontent.cdninstagram.com&_nc_gid=nvna06sGWDtvBW5RT7m0tg&oh=00_AffNg6QMskrHz8S0W2gvT7gQuFNHb4n8uhlEjtck6AVaKA&oe=6908B8BF,,Tegar
Penyetan Cak Lan,makanan_berat,"-7,2969133","112,8002236","Jl. Keputih Tegal VI No.20, Keputih, Kec. Sukolilo, Surabaya, Jawa Timur 60111, Indonesia",https://lembaga.halal.go.id/photo/produk/1943624-foto-PenyetanTelur.jpeg,,
Yasmine Kitchen,makanan_ringan,"-7,2977212","112,7997709","Jl. Keputih Tegal VII No.29, Keputih, Kec. Sukolilo, Surabaya, Jawa Timur 60111, Indonesia",https://lembaga.halal.go.id/photo/produk/1709230-foto-PastelYasmineKitchen.jpg,Halal Daily Home Catering,
Madame Kitchen,makanan_ringan,"-7,2908932","112,8154622","Dian Regency, Jl. Sukolilo Bahagia I No.69, Keputih, Kec. Sukolilo, Surabaya, Jawa Timur 60111, Indonesia",https://lembaga.halal.go.id/photo/produk/2083033-foto-EsCampurRumputLaut.jpg,,
Penyetan Pak Pik,makanan_berat,"-7,3020562","112,7553821","PQ56+7F6, Baratajaya, Gubeng, Surabaya, East Java 60284, Indonesia",https://lembaga.halal.go.id/photo/produk/1790951-foto-PenyetanMujahir.jpeg,,
"UD Syafrida Snack, PO",makanan_ringan,"-7,2823585","112,7649261",Manyar Sabrangan No. 79 RT.004 RW.002,https://lembaga.halal.go.id/photo/produk/1670774-foto-BaksoIkan.png,"SYAFRIDA berdiri pada tahun 1984 di Surabaya, adalah salah satu home industri. Dengan beberapa tahun pengalaman di bidang industri makanan, bercita rasa tinggi dan harga yang terjangkau adalah pertimbangan utama kami.  Produk SYAFRIDA telah di distribusikan di seluruh INDONESIA dan juga beberapa Negara Asia. Menjadikan SYAFRIDA penambah selera dan teman setia anda.",
Nasi Goreng dan Sundukan,makanan_berat,"-7,2793805","112,7611722","Jl. Kertajaya No.244, Kertajaya, Kec. Gubeng, Surabaya, Jawa Timur 60282, Indonesia",https://lembaga.halal.go.id/photo/produk/3185135-foto-NasiGorengTelur.jpeg,,
POIN STEAK,makanan_berat,"-7,2720872","112,7587061","Airlangga Food Point Kampus B Universitas Airlangga, Jl. Airlangga No. 4-6, Airlangga, Kec. Gubeng",https://instagram.fsub32-2.fna.fbcdn.net/v/t51.29350-15/330506891_1370446237092711_7246174760032389028_n.webp?stp=dst-jpg_e35_tt6&efg=eyJ2ZW5jb2RlX3RhZyI6IkZFRUQuaW1hZ2VfdXJsZ2VuLjEwODB4MTA4MC5zZHIuZjI5MzUwLmRlZmF1bHRfaW1hZ2UuYzIifQ&_nc_ht=instagram.fsub32-2.fna.fbcdn.net&_nc_cat=103&_nc_oc=Q6cZ2QEU9DINAA1hngaKWCZzWxKR1L-YN2VehsWOPqtrrg-Vmx7SV2WUSDc1uMZOyJhkwlY&_nc_ohc=UDFUtxCkPoAQ7kNvwEgcwzY&_nc_gid=2oq0TkdnaP9IyvyxUINASA&edm=AP4sbd4BAAAA&ccb=7-5&ig_cache_key=MzAzODA1OTg5MDgxMjQ1Mjk2MA%3D%3D.3-ccb7-5&oh=00_AfefT9u12iXlcjo7oSUo9RXK6IvMFGw4RrbUG4bT1Cu4fQ&oe=6908DDF9&_nc_sid=7a9f4b,"empat makan yang menjual steak dan hidangan western lainnya, dengan dua cabang di UNAIR: satu di Kampus B dan satu lagi di Kampus C",
Tahu Campur Cak Ali,makanan_berat,"-7,2660686","112,76173","Jl. Prof. DR. Moestopo No.16, Mojo, Kec. Gubeng, Surabaya, Jawa Timur 60285, Indonesia",https://lembaga.halal.go.id/photo/produk/1474639-foto-TahuCampur.jpeg,,
Tahu Tek Semar,makanan_berat,"-7,3180447","112,766343","(depan Vinet & Warkop Gembul), MQJ8+9F8, Jl. Rungkut Mejoyo Utara, Kali Rungkut, Rungkut, Surabaya, East Java 60293, Indonesia",https://lembaga.halal.go.id/photo/produk/2126556-foto-TahuTekTelur.jpeg,,
Sang Mboizz,makanan_ringan,"-7,2751227","112,75597","Jl. Dharmawangsa Kel No.118, Airlangga, Kec. Gubeng, Surabaya, Jawa Timur 60286, Indonesia",https://lembaga.halal.go.id/photo/produk/231828-foto-PisangCrispyCoklat.jpeg,"Sang Mboizz, Dharmawangsa merupakan sebuah tempat makan yang berada di Surabaya. Rumah makan ini menyajikan berbagai menu jajanan yang dibanderol dengan harga yang murah dan bersahabat dengan kantong Anda. Jika Anda mencari daftar harga menu Sang Mboizz, Dharmawangsa, Anda berada di tempat yang tepat. Di bawah ini akan dibahas secara lengkap menu apa saja yang dijual oleh Sang Mboizz, Dharmawangsa beserta harganya.",
Pisang Meler Airlangga 2,makanan_ringan,"-7,272311","112,7561819","Jl. Dharmawangsa No.74, Airlangga, Kec. Gubeng, Surabaya, Jawa Timur 60286, Indonesia",https://lembaga.halal.go.id/photo/produk/2062141-foto-PisangKeju.jpg,,
Kenz Pizza,makanan_berat,"-7,303441","112,753202","Jl. Bratang Gede VI H No.126, Ngagelrejo, Kec. Wonokromo, Surabaya, Jawa Timur 60245, Indonesia",https://lembaga.halal.go.id/photo/produk/1820568-foto-PizzaManis.jpeg,"KENZ PIZZA itu semacam roti pizza, jadi tekstur rotinya agak manis, tetap empuk biar sudah dingin.",
Urban Wagyu - Mayjend Yono Soewoyo,makanan_berat,"-7,2784147","112,6883573","Jl. Mayjen Yono Suwoyo No.17, Pradahkalikendal, Kec. Dukuhpakis, Surabaya, Jawa Timur 60226",https://lh3.googleusercontent.com/gps-cs-s/AG0ilSwRNqgbwDsWncPbjAnJjmJV0ozDu6JQmZR2MlW1cFJaUt8OMvCGtyJ-OAj4nOEBFePJnKCnyHnbdg-HNSEjd-4OZSSUQfiDu9JXCtCZi0l76F4QzvmasL5QUGjtQ4JzKqj_bJys=w289-h312-n-k-no,"
Restoran steak rantai kecil yang modern & trendi dengan teras, menyajikan daging sapi Wagyu & potongan daging pilihan lainnya.",
Siomay AMA,makanan_ringan,-7.259327232,112.7237825,"Jl. Penanggungan No.43, RT.003/RW.05, Petemon, Kec. Sawahan, Surabaya, Jawa Timur 60252, Indonesia",https://lembaga.halal.go.id/photo/produk/884815-foto-SiomayAMA.jpg,The best Siomay DIMSUM in town,
Nasi Goreng Pak Ik,makanan_ringan,-7.31015,112.675243,"Jl. Pesapen II No.60215, Sumur Welut, Kec. Lakarsantri, Surabaya, Jawa Timur 60215, Indonesia",https://lembaga.halal.go.id/photo/produk/3147756-foto-NasiGorengBiasa.jpeg,,
Indomie Goreng Spesial Bakso Telur,makanan_berat,-7.329686313,112.6811433,"Jl. Dukuh Gempol, Jl. Balas Klumprik No.54, Balas Klumprik, Kec. Wiyung, Surabaya, Jawa Timur 60222, Indonesia",https://lembaga.halal.go.id/photo/produk/2829639-foto-IndomieGorengSpesialBaksoTelur.jpg,,
Indomie Goreng Bakso Warkop Lumintu,makanan_berat,-7.333342938,112.7134895,"B, jambangan, Jl. Raya Pagesangan No.72, Pagesangan, Kec. Jambangan, Surabaya, Jawa Timur 60232, Indonesia",https://lembaga.halal.go.id/photo/produk/2257548-foto-IndomieGorengBaksoWarkopLumintu.jpg,,
Warung Pak Kholis,makanan_berat,-7.261253175,112.6467031,"Jl. Raya Bringin No.3, Bringin, Kec. Sambikerep, Surabaya, Jawa Timur 60218, Indonesia",https://lembaga.halal.go.id/photo/produk/2025800-foto-NasiGorengTelur.jpeg,,
Kedai Pak Ipul,makanan_ringan,-7.267709723,112.6837724,"Jl. Tubanan Baru 7 No.3, Tubanan, Kec. Tandes, Surabaya, Jawa Timur 60188, Indonesia",https://lembaga.halal.go.id/photo/produk/2039544-foto-Ote-ote.jpeg,,
Warung Penyetan 24,makanan_berat,-7.285256571,112.7039355,"Gg. ll No.24, Putat Gede, Kec. Sukomanunggal, Surabaya, Jawa Timur 60189, Indonesia",https://lembaga.halal.go.id/photo/produk/1942328-foto-PenyetanLele.jpeg,,
Omaroes Kitchen,makanan_ringan,-7.252925888,112.6318737,"Jl. Palma Grandia K5/26, Sememi, Kec. Benowo, Surabaya, Jawa Timur 60198, Indonesia",https://lembaga.halal.go.id/photo/produk/1941939-foto-KueProllTape.jpeg,,
Warung Rujak / Gado - gado,makanan_berat,-7.252076968,112.638216,"PJXQ+575, Jl. Uka I, Sememi, Kec. Benowo, Surabaya, Jawa Timur 60198, Indonesia",https://lembaga.halal.go.id/photo/produk/1977576-foto-RujakCingur.jpeg,,
Penyetan Si Embin,makanan_berat,-7.267850244,112.6959536,"Jl. Sukomanunggal V No.56, Sukomanunggal, Kec. Sukomanunggal, Surabaya, Jawa Timur 60188, Indonesia",https://lembaga.halal.go.id/photo/produk/3304417-foto-PenyetanTahuTempe.jpeg,"Restoran ini menjual berbagai macam jenis makanan/minuman seperti : Minuman, Aneka Ayam Bebek, Fastfood yang cocok disantap dengan teman atau sahabat anda. Tempat makan ini menawarkan berbagai menu masakan yang enak dan lezat. Harganya pun masih bisa dijangkau oleh kantong anda.",
Warung Cak Pur,makanan_berat,-7.336595986,112.729651,"Siwalankerto, Wonocolo, Surabaya, East Java, Indonesia",https://lh3.googleusercontent.com/gps-cs-s/AG0ilSzMaImocQpMQBzC2HaQ3u5TptNJDY5u4lEdHVyM7opVR-iVJ6syd5ZhntaiyUfNTKVzocPgIo3AvzZA5aL_G4a9RiLF6mX8nbNsOPhQerUYx46ktATJf2q2cUXO26dlGQkQv1YK=s1360-w1360-h1020-rw,"Restoran ini menjual berbagai macam jenis makanan/minuman seperti : Minuman, Aneka Ayam Bebek, Soto Bakso Sop. yang sangat enak dinikmati bersama keluarga anda. Kamu bisa kok menikmati sajian makanan yang enak dengan harga terjangkau di restoran ini.",
"Warung Seafood "" Super Gizi """,makanan_berat,-7.292056643,112.7235267,"PP5F+3CF, Jl. Mayjen Sungkono, Gn. Sari, Kec. Dukuhpakis, Surabaya, Jawa Timur 60224, Indonesia",https://lembaga.halal.go.id/photo/produk/3188069-foto-KerangRebusSambelSincan.jpeg,,
Ice Cream Solaria,makanan_ringan,-7.306704908,112.7345747,"Solaria, Royal Plaza, Jl. Ahmad Yani Lantai GF, Ketintang, Kec. Gayungan, Surabaya, Jawa Timur 60231, Indonesia",https://lembaga.halal.go.id/photo/produk/2252061-foto-IceCreamStroberi.jpeg,,
Cak Har,makanan_berat,-7.294993757,112.7812725,"Jl. Dr. Ir. H. Soekarno No.220, Semolowaru, Kec. Sukolilo, Surabaya, Jawa Timur 60117, Indonesia",https://lembaga.halal.go.id/photo/produk/734660-foto-TemulawakCakHar.jpeg,Soto Legend Since 1992,
Warung nasi campur/Nasi campur bu Ida,makanan_berat,-7.254506678,112.7690462,"Jl. Ploso Baru No.75, Ploso, Kec. Tambaksari, Surabaya, Jawa Timur 60133, Indonesia",https://lembaga.halal.go.id/photo/produk/2022426-foto-NasiCampur.jpeg,,
Rumah makan Sop Konro Perak,makanan_berat,-7.199658859,112.7334383,"Jl. Perak Timur No.564 Blok A-6, Perak Utara, Kec. Pabean Cantikan, Surabaya, Jawa Timur 60165",https://lh3.googleusercontent.com/p/AF1QipMkPFbJ0NqGCvHvNAOpBNwvPWrx4_eOJveZnEhD=w289-h312-n-k-no,"Hidangan daerah Indonesia termasuk iga bakar, ikan & sup ditawarkan di tempat yang nyaman dan sederhana ini.",
Kebun bibit Wonorejo,non_kuliner,-7.312362735,112.7931708,"Kebun Bibit, Jl. Raya Wonorejo, Wonorejo, Rungkut, Surabaya, East Java 60296",https://lh3.googleusercontent.com/gps-cs-s/AG0ilSy_6hLIWTVyu9LrcVbjEc2-HMzjZu6qh2GOfjW4IzlMdwk8BaSJ4gX__KOL0crtTaqpKkHdwqjHr4EJ943hKDvvbogHdxU1aW1yLhOss6KioctpzWVlXVdnmiHqonTXVceXbP4w=w270-h312-n-k-no,,
Bebek Sinjay Palupi Rungkut,makanan_berat,-7.323576856,112.7720130,"Jl. Rungkut Madya No.133, Rungkut Kidul, Kec. Rungkut, Surabaya, Jawa Timur 60293",https://instagram.fsub32-2.fna.fbcdn.net/v/t51.2885-15/13150990_1591140397843539_2002316286_n.jpg?stp=dst-jpg_e35_tt6&efg=eyJ2ZW5jb2RlX3RhZyI6IkZFRUQuaW1hZ2VfdXJsZ2VuLjU4NXg3MzIuc2RyLmYyODg1LmRlZmF1bHRfaW1hZ2UuYzIifQ&_nc_ht=instagram.fsub32-2.fna.fbcdn.net&_nc_cat=103&_nc_oc=Q6cZ2QGcMQcwhC3j2ahmoR5M8hD5bFqXuElhNZvUDc86PdQL1Rc0cd00ZRIyZjNZyFsvXQM&_nc_ohc=pgxh2Ud1yxgQ7kNvwGLVr_W&_nc_gid=nj4A1YzErV8Yqp2uB17-Kg&edm=APs17CUBAAAA&ccb=7-5&ig_cache_key=MTI0NjE1NjUzMTU3MDU1MzYxNA%3D%3D.3-ccb7-5&oh=00_AfebUJJKDNK6NjSq4eKUdAwM_g6GAxe1fM6AhXRponMFiA&oe=6908D98D&_nc_sid=10d13b,,
Mr Sumo (All you can eat),makanan_berat,-7.313958119,112.7800612,"Jl. Dr. Ir. H. Soekarno No.483, Penjaringan Sari, Kec. Rungkut, Surabaya, Jawa Timur 60293",https://lh3.googleusercontent.com/gps-cs-s/AG0ilSwSjbXFNjpgG7a2S2axri_G1InY7eq-rjDk7EL71jqztSvPzH0-oCx9xVpjbThXnOdZFwANiEpMKkH8bw7OCC1zIRiCtUklMMEzSpfB7_CpKpB7oe-w3Exav5SGl-0MF6BpwGIEeA=s1360-w1360-h1020-rw,,
Steak Hotel by HOLYCOW! ,makanan_berat,-7.289842274,112.6747495,"Jl. Puncak Indah Lontar II No.2, Lontar, Kec. Wiyung, Surabaya, Jawa Timur 60227",https://lh3.googleusercontent.com/gps-cs-s/AG0ilSwxwb-a5Ik70NR2cg1C8ZHsWDEA73S9e2R5CRwL0103PExHZ-L_QyeQsJYDYVWPyuwV_imX4zoLsxv65CPITcDFiwfCfGpn3Pe4_xNNoA4UcDm7RtRf3jA7lEFrmosSFtzsH_l4pA=s1360-w1360-h1020-rw,,
Lontong Balap Pak Di,makanan_berat,-7.270405502,112.7828581,"Jl. Gebang Putih No.24, Gebang Putih, Kec. Sukolilo, Surabaya, Jawa Timur 60111",https://lh3.googleusercontent.com/gps-cs-s/AG0ilSytbT7Se7nN1Ik78fRqRFtJGmm7BTX1tBwLXJGxHFVFCmn7fimBZQUZNZ3SIyMtD9Nau_cV_YZfOxpt85w_MM7o1iVKSK_Bx90mMs5Hk2Qy8eIZWBDifpfTf4VkGHTwtw7XEhnnFQ=s1360-w1360-h1020-rw,,
Spikoe resep kuno,makanan_ringan,-7.330605764,112.7741180,"Jl. Rungkut Madya No.41, Rungkut Kidul, Kec. Rungkut, Surabaya, Jawa Timur 60293",https://i.gojekapi.com/darkroom/gofood-indonesia/v2/images/uploads/fdc4e34b-2044-4b1e-bf75-b045d98a4f5d.jpg,,
Rawon Abah Pangat,makanan_berat,-7.255221556,112.7351434,"Jl. Raya Sedati Gede, Dabean, Pabean, Kec. Sedati, Kabupaten Sidoarjo, Jawa Timur 61253",https://lh3.googleusercontent.com/p/AF1QipOj9XqJlIaOr3ZL-UKKybkvsSoEMONZMg3OwQ0P=s1360-w1360-h1020-rw,,
Dapoer Kecombrang Surabaya,makanan_berat,-7.308722492,112.7885634,"Jl. Wonorejo Timur, Wonorejo, Kec. Rungkut, Surabaya, Jawa Timur 60297",https://lh3.googleusercontent.com/p/AF1QipPPKT7PuyO-JsLoc0hYBBoOWHkTzx8PZJNaLzGQ=s1360-w1360-h1020-rw,,
Warung Pojok Tol,makanan_berat,-7.310272,112.70989,"Jalan Gogor Tol No No.14, Jajar Tunggal, Kec. Wiyung, Surabaya, Jawa Timur 60229, Indonesia",https://lembaga.halal.go.id/photo/produk/2282879-foto-LontongLodeh.jpeg,,
Nasi Pecel dan Penyetan Mas Sugik,makanan_berat,-7.274348,112.732789,"Jl. Kp. Malang Kulon I No.54, Wonorejo, Kec. Tegalsari, Surabaya, Jawa Timur 60263, Indonesia",https://lh3.googleusercontent.com/gps-cs-s/AG0ilSxTiPtPBb2d-h8kqPyZPaq7ezrYT3CKFh1WjEIAuec0wl5pOUok6CYLm2scbTlbzlpTO6Bxz0nvx_ySGDs3KZaicxq93tJFOYXnrAKjc9xl_vB1RRl5Q5LtJByDdZQCFRfm8VaLRA=s1360-w1360-h1020-rw,,
Warung Mbak Anis,makanan_berat,-7.305341,112.756994,"Jl. Jagir Wonokromo No.316b, Sidosermo, Kec. Wonocolo, Surabaya, Jawa Timur 60239, Indonesia",https://lembaga.halal.go.id/photo/produk/2055447-foto-NasiPecelPeyek.jpeg,,
Savira Es Teler Sultan,makanan_ringan,-7.221754,112.7635,,,,Dani
Es Cao Original Pak Agus,makanan_ringan,-7.223398,112.758755,,,,
Bakaran P. Dhe,makanan_ringan,-7.232351,112.76381,,,,
Warung Bu Minati,makanan_berat,-7.286154,112.786137,,,,
Warung Nabila,makanan_ringan,-7.316654,112.722865,,,,
Es Cincau Hitam Bu Hariati,makanan_ringan,-7.251476,112.721307,,,,
JEVRE Drink,makanan_ringan,-7.253048,112.761308,,,,
Depot Murah Meriah,makanan_berat,-7.274062,112.727389,,,,
Aneka Bakaran Wawa,makanan_ringan,-7.287232,112.696398,,,,
Table Toast ,makanan_berat,-7.265946,112.796152,,,,
Kampung Kecil Jemursari,makanan_berat,-7.317413,112.747653,,,,
Sate Asin Garuda,makanan_berat,-7.280941,112.746563,,,,
Smesta Cafe,makanan_berat,-7.259099,112.783271,,,,
Layar Seafood Manyar Kertoarjo,makanan_berat,-7.143136,112.766418,,,,
Burger Up Dharmahusada,makanan_ringan,-7.148586,112.793884,,,,
Depot Terasa Nikmat,makanan_berat,-7.276346,112.755779,,,,
Es Kacang ijo Man Men,makanan_ringan,-7.266097,112.728481,,,,
Ibu Pertiwi Bakmitiam,makanan_berat,-7.326785,112.788231,,,,
Tahu Telor Pak Jayen Pusat,makanan_berat,-7.268097,112.774744,,,,
Doux Butter,makanan_ringan,-7.265674,112.796103,,,,
Arung Senja,makanan_ringan,-7.320337,112.721903,,,,
Kedai Tuan Roemah,makanan_berat,-7.263176,112.753382,,,,
Warung Bu Yeni,makanan_berat,-7.2520724,112.7687264,,,,
Warung Taburai - Mulyosari,makanan_berat,-7.264420074,112.7959913,,,,
Nasi Goreng Kambing Bin Ali,makanan_berat,-7.267908066,112.7964132,,,,
Nasii Goreng Jawa Cak Ali,makanan_berat,-7.268151133,112.7961544,,,,
Ayam Bakar Pak 'D Mulyosari,makanan_berat,-7.270387319,112.7968816,,,,
Depot Bu Rudy Dharmahusada,makanan_berat,-7.267151383,112.7701755,,,,
Warung Roso Joyo,makanan_berat,-7.2766466,112.6612493,"Jalan Dukuh, Jalan Kuwukan, Jl. Lontar Gg. I No.36, Lontar, Kec. Sambikerep, Surabaya, Jawa Timur 60217, Indonesia",,,
Depot Tria,makanan_berat,-7.3054012,112.6503557,"Jl. Sepat Lidah Kulon No.246, Lidah Kulon, Kec. Lakarsantri, Surabaya, Jawa Timur 60213, Indonesia",,,
Bon Bon,makanan_ringan,-7.271623921,112.7483017,"Jl. Raya Gubeng No.46, Gubeng, Kec. Gubeng, Surabaya, Jawa Timur 60281, Indonesia",,,
Es Kuwut Bali,makanana_ringan,-7.271623921,112.7687746,"Depan Gapura, Gg. Kemuning II, Bulak Banteng, Kec. Kenjeran, Surabaya, Jawa Timur 60129, Indonesia",,,
Es Pisang Ijo Pallu Butung,makanan_ringan,-7.3173555,112.7468281,"Jl. Margorejo Indah Utara, Margorejo, Kec. Wonocolo, Surabaya, Jawa Timur 60238, Indonesia",,,
Bentuman,makanana_ringan,-7.3434744,112.7695238,"Jl. Raya Taman Asri No.14, Wadungasri, Kec. Waru, Kabupaten Sidoarjo, Jawa Timur 61256, Indonesia",,,
Ayam Bakar Wong Solo Rungkut Madya,makanan_berat,-7.331050693,112.77323,,,,
Lapis Kukus Pahlawan - Keputih,oleh_oleh,-7.290405839,112.7961589,"Jl. Arief Rahman Hakim No.32B, Keputih, Kec. Sukolilo, Surabaya, Jawa Timur 60111",,,
Pusat Oleh Oleh Khas Surabaya,oleh_oleh,-7.267355995,112.7700856,"Jl. Dharmahusada No.144, Mojo, Kec. Gubeng, Surabaya, Jawa Timur 60285",,,
Panen Raya,oleh_oleh,-7.304872273,112.7618102,"Jl. Raya Nginden No.88 B, Baratajaya, Kec. Gubeng, Surabaya, Jawa Timur 60284",,,
Toko Oleh Oleh Panen Raya,oleh_oleh,-7.258628934,112.7396334,"Jl. Genteng Besar No.77 A, Genteng, Kec. Genteng, Surabaya, Jawa Timur 60275",,,
Pusat Oleh-oleh Surabaya By.delyla catering,oleh_oleh,-7.258389028,112.739263,"Jl. Genteng Besar No.65-C, Genteng, Kec. Genteng, Surabaya, Jawa Timur 60275",,,
Wisata Rasa Dharmahusada,oleh_oleh,-7.267989295,112.7712152,"Jl. Dharmahusada No.160a, Mojo, Kec. Gubeng, Surabaya, Jawa Timur 60271",,,
Bogajaya - Genteng Besar,oleh_oleh,-7.258747403,112.7399624,"Jl. Genteng Besar No.69, Genteng, Kec. Genteng, Surabaya, Jawa Timur 60275",,,
Wisata Rasa Basuki Rahmat,oleh_oleh,-7.267522953,112.7410696,"Jl. Basuki Rahmat No.72, Tegalsari, Kec. Tegalsari, Surabaya, Jawa Timur 60262",,,
Toko oleh-oleh Surabaya Risma1,oleh_oleh,-7.24257377,112.7978966,"Jalan Sukolilo Sukorejo No.4, Sukolilo Baru, Kec. Bulak, Surabaya, Jawa Timur 60122",,,
ATAP RASA - Pusat Oleh-Oleh Khas Surabaya & Jawa Timur,oleh_oleh,-7.336174149,112.7297741,"Jl. Ahmad Yani No.243, Siwalankerto, Kec. Wonocolo, Surabaya, Jawa Timur 60236",,,
Bogajaya Merr (221line),oleh_oleh,-7.296226958,112.7821873,"Jl. Dr. Ir. H. Soekarno No.221, Semolowaru, Kec. Sukolilo, Surabaya, Jawa Timur 60119",,,
Pusat Oleh Oleh Khas Surabaya dan Jawa Timur - CRS,oleh_oleh,-7.287229309,112.7714944,"Jl. Manyar Tirtoyoso No.83 Manyar Sabrangan, Timur 60116, Jawa, Kec. Mulyorejo, Surabaya, Jawa Timur 60116",,,
Pusat Oleh - Oleh Keranjang Kenangan,oleh_oleh,-7.33782866,112.7296689,"Jl. Ahmad Yani No.263, Siwalankerto, Kec. Wonocolo, Surabaya, Jawa Timur 60234",,,
Toko Noer Raya,oleh_oleh,-7.306840119,112.780862,"Jl. Dr. Ir. H. Soekarno No.31, Medokan Semampir, Kec. Sukolilo, Surabaya, Jawa Timur 60115",,,
TOKO PONDOK OLEH-OLEH,oleh_oleh,-7.320656078,112.7993498,"Jl. Medayu Utara V No.52, Medokan Ayu, Kec. Rungkut, Surabaya, Jawa Timur 60295",,,
Oleh Oleh Haji dan Umroh Nabawi,oleh_oleh,-7.250464318,112.7648222,"Jl. Kapas Krampung No.200, Ploso, Kec. Tambaksari, Surabaya, Jawa Timur 60134",,,
Wisata Rasa Jemursari,oleh_oleh,-7.319933768,112.7484518,"Jl. Raya Jemursari No.164, Jemur Wonosari, Kec. Tenggilis Mejoyo, Surabaya, Jawa Timur 60237",,,
Oleh-Oleh Surabaya (Toko Risma 2),oleh_oleh,-7.242657035,112.7981077,"Jl. Sukolilo No.2B IB, Sukolilo Baru, Kec. Bulak, Surabaya, Jawa Timur 60122",,,
Oleh-Oleh Khas Surabaya Honest,oleh_oleh,-7.332345,112.7688563,"Jl. Raya Rungkut Tengah No.26 A, Rungkut Tengah, Kec. Gn. Anyar, Surabaya, Jawa Timur 60293",,,
TOKO LESTARI 2 (PUSAT OLEH OLEH SURABAYA CAKZIN),oleh_oleh,-7.238971618,112.7952229,"Jl. Raya Pantai Lama No.23, Kenjeran, Kec. Bulak, Surabaya, Jawa Timur 60123",,,
Lapis Kukus Pahlawan Gubeng 2 - Oleh oleh khas Surabaya,oleh_oleh,-7.265243809,112.7519481,"Jl. Stasiun Gubeng, Ketabang, Kec. Genteng, Surabaya, Jawa Timur 60272",,,
Toko Anyar Camilan Oleh-Oleh Surabaya,oleh_oleh,-7.28443153,112.754677,"Jl. Pucang Anom No.48, Pucang Sewu, Kec. Gubeng, Surabaya, Jawa Timur 60283",,,