nama_destinasi,kategori,latitude,longitude,alamat,image_url,deskripsi
Galaxy Mall,mall,-7.2756967,112.7806254,"Jl. Dr. Ir. H. Soekarno No.35, Mulyorejo, Kec. Mulyorejo, Surabaya, Jawa Timur",https://galaxymall.co.id/wp-content/uploads/2023/01/FOOTER-GM3.jpg,"Galaxy Mall adalah pusat perbelanjaan di Surabaya yang menyediakan berbagai kebutuhan keluarga, mulai dari pakaian hingga kuliner dalam satu lokasi. Pusat perbelanjaan ini terdiri dari tiga bagian: Galaxy Mall I, II, dan III."
Pusat Oleh-oleh Bu Rudy,oleh_oleh,-7.2673018,112.7697516,"Jl. Dharmahusada No.144, Mojo, Kec. Gubeng, Surabaya, Jawa Timu",https://tse2.mm.bing.net/th/id/OIP.HFRlDmB4Id_B4QInZQ6FhAHaE8?cb=ucfimg2ucfimg=1&rs=1&pid=ImgDetMain&o=7&rm=3,"Pusat Oleh-Oleh Bu Rudy merupakan salah satu tempat kuliner dan oleh-oleh legendaris di Surabaya. Salah satu produk andalannya adalah Sambal bawang yang terkenal hingga luar kota. Adapun menu andalannya, seperti Nasi udang empal, nasi campur, nasi pecel, nasi bakar, nasi ayam goreng dan nasi ayam bumbu rujak. "
Annyeong Market,mall,-7.2538255,112.7894579,"Jl. Babatan Pantai Utara No. II, Kalijudan, Kec. Mulyorejo, Surabaya, Jawa Timur",https://padmatour.com/wp-content/uploads/2024/09/foto-annyeong-market.jpg,Annyeong Market Surabaya adalah salah satu tempat perbelanjaan dan wisata kuliner dengan nuansa Korea Selatan
Kenjeran Park (Kenpark),non_kuliner,-7.252296,112.796695,"Jl. Raya Pantai Lama, Kenjeran, Kec. Bulak, Surabaya, Jawa Timur",https://kucatat.com/wp-content/uploads/2021/03/Kenpark-Surabaya.jpg,"Kenpark merupakan tempat perkempulan destinasi, seperti seperti Atlantisland, Klenteng Sanggar Agung, Patung Budha 4 Wajah, Sky Dome, arena pacuan kuda, lapangan futsal, foodcourt dan lain-lain. Lokasinya tidak jauh dari Taman Hiburan Pantai (THP) Kenjeran/Pantai Kenjeran Lama. "
Surabaya Kriya Gallery (SKG) MERR,non_kuliner,-7.3060589,112.7806015,"Jl. Dr. Ir. H. Soekarno No.11, Medokan Semampir, Kec. Sukolilo, Surabaya, Jawa Timur",https://direktori.vokasi.unair.ac.id/wp-content/uploads/2023/07/opening.jpeg,"Surabaya Kriya Galeri (SKG) merupakan tempat perbelanjaan produk berkualitas UMKM Surabaya, seperti batik, fashion, kerajinan tangan, aksesoris, hingga berbagai souvenir jajanan dan minuman khas."
Museum Etnografi,non_kuliner,-7.272492,112.757315,"Gedung B FISIP, Kampus B Universitas Airlangga, Jl. Airlangga No.4-6, Airlangga, Kec. Gubeng, Surabaya, Jawa Timur",https://unair.ac.id/wp-content/uploads/2021/06/Koleksi-Museum-Etnografi-FISIP-Siap-Dukung-Program-SDGs-UNAIR-1024x574.jpg,"Museum Etnografi ini didirikan pada tanggal 25 September 2005, bertepatan dengan tanggal didirikannya Departemen Antropologi FISIP UNAIR. Museum ini menampikan informasi tentang tradisi kematian di berbagai daerah indonesia, sejarah penghunian dan penguburan di indonesia, serta langkah mengidentifikasi mayat berdasarkan atropologi forensik."
Museum Blockbuster,non_kuliner,-7.2477541,112.7795727,"Jl. Kenjeran No.463-465, Gading, Kec. Tambaksari, Surabaya, Jawa Timur",https://s-light.tiket.photos/t/01E25EBZS3W0FY9GTG6C42E1SE/rsfit621414gsm/events/2022/03/04/1f27fc8d-1c10-4dfa-9e2f-44ec075faec3-1646371003040-9265182ac530fb65ed07addb71aac18c.jpg,"Museum Blockbuster menampilkan beberapa koleksi pop culture dari dunia perfilman, berisi action figure, live size action figure, properti film, dan diorama (set adegan film)."
Kebun Bibit dan Taman Flora,non_kuliner,-7.295196,112.759935,"Jl. Bratang Binangun, Baratajaya, Kec. Gubeng, Surabaya, Jawa Timur",https://www.rumah123.com/seo-cms/assets/large_tiket_masuk_taman_flora_bratang_surabaya_df242490d1/large_tiket_masuk_taman_flora_bratang_surabaya_df242490d1.jpg,"Kebun Bibit dan Taman Flora merupakan taman menarik dengan aneka tumbuhan tropis, berbagai jenis pohon, pembibitan bunga anggrek, dan areal jogging track. Selain itu, taman ini menyediakan fasilitas rekreasi dan edukasi, seperti sangkar burung raksasa, kendang rusa, permainan outbond untuk anak-anak, dan taman bacaan."
Mini Agrowisata,non_kuliner,-7.333240031,112.7119107,"Jl. Pagesangan II No.56, Pagesangan, Kec. Jambangan, Surabaya, Jawa Timur",https://bobobox.com/blog/wp-content/uploads/2023/11/Mini-Agrowisata-Surabaya.webp,"Mini Agrowisata merupakan destinasi wisata dengan edukasi pertanian, perikanan, peternakan, dan pangan, dikelola oleh Dinas Ketahanan Pangan dan Pertanian (DKPP) Kota Surabaya."
Pasar Turi Baru,all,-7.245065629,112.7345134,"Jl. Pasar Turi, Bubutan, Kec. Bubutan, Surabaya, Jawa Timur",https://turisian.com/wp-content/uploads/2023/04/Pasar-Turi-Baru-768x520.jpg,"Pasar Turi baru adalah pusat grosir pedagang distributor terbesar di wilayah Indonesia bagian timur, dan pengiriman ke Mancanegara."
Jembatan Merah Plaza (JMP),mall,-7.250445,112.768845,"Jl. Taman Jayengrono No.2, Krembangan Sel., Kec. Krembangan, Surabaya, Jawa Timur 60175",https://thumb.viva.id/vivajatim/665x374/2024/04/26/662b4d406f683-pusat-grosir-jmp-surabaya_jatim.jpg,Jembatan Merah Plaza (JMP) adalah pusat perbelanjaan grosir yang menyediakan berbagai jenis bahan tekstil dan juga menawarkan jasa penjahitan.
Kampung Legenda,all,-7.302489624,112.6608038,"Jl Lidah Kulon III, Kec. Lakarsantri, Surabaya, Jawa Timur 60213",https://www.jatimpos.co/images/2025/01/21/20250121-1030_img_20250121_132802.jpg,"Kampung Legenda merupakan kampung yang menampilkan sejarah kota, bertujuan untuk melestarikan budaya dan memberikan edukasi kepada pengunjung. Selain itu, pengunjung juga harus menukarkan uang dengan uang kepeng jika ingin bertransaksi."
Pasar Ndeso Nyi Pandan Sari,"makanan_ringan, makanan_berat",-7.30084023,112.6444476,"Jl. Jeruk IV, Kel. Jeruk, Kec. Lakarsantri, Surabaya, East Java 60212, Indonesia",https://static.republika.co.id/uploads/member/images/news/241101000333-667.jpg,"Pasar Ndeso Nyi pandasari adalah destinasi wisata kuliner dengan konsep tradisional Jawa. Tempat ini menawarkan suasana pedesaan dengan dekorasi bambu dan para pedagang yang mengenakan pakaian kebaya. Selain itu, sistem transaksi dilakukan dengan koin kayu berbentuk lingkaran, persegi, dan segitiga sehingga pengunjung perlu menukarkan uang dengan koin kayu sebagai alat pembayaran."
Pasar Genteng Baru,all,-7.258516471,112.7407339,"Jl. Genteng Kali, Genteng, Kec. Genteng, Surabaya, Jawa Timur",https://3.bp.blogspot.com/-D2rbfT5NoNc/VgtJ_gMz51I/AAAAAAAA09I/bJJUZ8HoU7k/s1600/DSC07635.jpg,"Pasar Genteng Baru merupakan pusat perbelanjaan kebutuhan rumah tangga, peralatan elektronik, dan oleh-oleh makanan khas Surabaya."
Mirota Batik & Handicraft,oleh_oleh,-7.276708517,112.7473842,"Jl. Sulawesi No.24, Ngagel, Kec. Wonokromo, Surabaya, Jawa Timur 60246, Indonesia",https://direktori.vokasi.unair.ac.id/wp-content/uploads/2024/06/1.-PRODUK-BRO-768x432-1.jpg,Mirota Batik & Handicraft merupakan salah satu toko batik dan kerajinan hasil karya lokal dengan gabungan konsep tradisional dan modern.
Museum Teknoform,non_kuliner,-7.3118005,112.7823132,"Jl. Raya Kedung Baruk No.98, Kedung Baruk, Kec. Rungkut, Surabaya, Jawa Timur 60298, Indonesia",https://museum.co.id/wp-content/uploads/2020/09/1e23eeb063592ac035f09a6a8c7749fa-2.jpg,"Museum teknoform merupakan museum pertama di Surabaya mengenai perkembangan teknologi informasi dari masa praaksara hingga ke masa terkini, khususnya pada perkembangan komputer. "
Pasar Bratang,"oleh_oleh, non_kuliner",-7.297429,112.757856,"Jl. Raya Bratang Binangun, Baratajaya, Kec. Gubeng, Surabaya, Jawa Timur",https://i.ytimg.com/vi/hQbBIejPb5Q/maxresdefault.jpg,"Pasar Bratang merupakan pasar yang menawarkan dua jenis pasar, yaitu pasar bunga dan pasar burung. Pasar bunga menawarkan beragam bibit dan tanaman. Sedangkan, pasar burung menawarkan berbagai macam burung."
Monumen Kapal Selam,non_kuliner,-7.26543,112.750305,"Jl. Pemuda No.39, Embong Kaliasin, Kec. Genteng, Surabaya, Jawa Timur",https://tse2.mm.bing.net/th/id/OIP.RkRDJE-u5zSwBtDkgWVN_QHaEK?cb=ucfimg2ucfimg=1&rs=1&pid=ImgDetMain&o=7&rm=3,"Monumen Kapal Selam merupakan monumen sejarah perkapalan Indonesia yang dibangun dengan kapal selam KRI Pasopati 410 milik armada Angkatan Laut Republik Indonesia buatan Uni Soviet. Kapal ini dijadikan monumen untuk memperingati keberanian pahlawan Indonesia, khusunya dalam pertempuran Laut Aru untuk pembebasan Irian Barat dari Belanda."
Plaza Surabaya (Delta Plaza),mall,-7.2653355,112.7489321,"Jl. Pemuda No.33-37, Embong Kaliasin, Kec. Genteng, Surabaya, Jawa Timur",https://surabayatravel.com/wp-content/uploads/2015/03/plaza-surabaya-delta-plaza.jpg,Plaza Surabaya (Delta Plaza) merupakan pusat perbelanjaan yang menyediakan berbagai kebutuhan keluarga.
Pasar Bunga Kayoon,"oleh_oleh, non_kuliner",-7.268888,112.747916,"Jl. Kayoon, Embong Kaliasin, Kec. Genteng, Surabaya, Jawa Timur",https://tourism.surabaya.go.id/api/helper/show-file/tourist-destination-files/9ae5fae8-9f1d-4208-b4eb-0fdfa5fa9f2a,"Pasar Kayoon adalah pasar tradisional yang menjual berbagai jenis bunga, baik bunga hias maupun bunga rangkai. Selain itu, pada dapat dijumpai juga jasa merangkai bunga, dekorasi, dan penataan taman."
Gelora 10 Nopember,non_kuliner,-7.251844,112.756287,"Jl. Tambaksari, Tambaksari, Kec. Tambaksari, Surabaya, Jawa Timur",https://gelora-public-storage.s3-ap-southeast-1.amazonaws.com/upload/public-20210226093927.jpg,"Gelora 10 Nopember (G10N) adalah stadion multifungsi yang sering digunakan untuk letihan sepakbola. Dahulu stadion ini merupakan markas dari tim besar Surabaya, Persebaya yang dibangun saat hari perjuangan 10 Nopember 1945."
Grand City Mall,mall,-7.2619685,112.7499944,"Jl. Walikota Mustajab No.1, Ketabang, Kec. Genteng, Surabaya, Jawa Timur",https://th.bing.com/th/id/R.662cb72eacc8dcd5bc78c4804538ada6?rik=O75LiunPfFzrgA&riu=http%3a%2f%2fsurabayatravel.com%2fwp-content%2fuploads%2f2015%2f03%2fgrand-city.jpg&ehk=kkBqQf8tT11%2bm5ZuvV1oaRQ%2f%2fMfea6PpO%2f9%2frRewbjk%3d&risl=&pid=ImgRaw&r=0,"Grand City Surabaya (GC/GCS) adalah sebuah kompleks yang terletak di pusat kota Surabaya, Jawa Timur, Indonesia. Kompleks ini terdiri dari pusat perbelanjaan, area pameran, dan fasilitas pertemuan."
UYCC (Unicorn Young Collectors Club) Art Gallery,non_kuliner,-7.2680621,112.7477999,"Jl. M.H. Thamrin No.60, DR. Soetomo, Kec. Tegalsari, Surabaya, Jawa Timur",https://media.suara.com/pictures/970x544/2023/10/24/34890-pameran-seni-kontemporer-from-0-to-100-di-surabaya.jpg,"UYCC (Unicorn Young Collectors Club) Art Gallery merupakan area pameran seni, bertujuan untuk mengapresiasi seni sebagai bentuk edukasi, pameran, diskusi dan kegiatan lainnya. "
Museum WR Soepratman,non_kuliner,-7.2506354,112.7537695,"Jl. Mangga No.21, Tambaksari, Kec. Tambaksari, Surabaya, Jawa Timur",https://nahwatravel.co.id/wp-content/uploads/2022/11/IMG_20221101_182207.jpg,"Museum W.R Soepratman merupakan rumah sang komposer lagu Indonesia Raya, Wage Rudolf Soepratman. Rumah ini diresmikan pada tanggal 10 November 2018 oleh Walikota Surabaya Ir. Tri Rismaharini menjadi museum, berisi koleksi berupa replika dan foto-foto terkait sejarah WR. Soepratman. "
Surabaya Sightseeing & City Tour Bus (SSCT),non_kuliner,-7.2640551,112.7453148,"Jl. Gubernur Suryo No.15, Embong Kaliasin, Kec. Genteng, Surabaya, Jawa Timur",https://cdn.getyourguide.com/img/tour/05e80048fe446bce.jpeg/146.jpg,"Surabaya Sightseeing and City Tour (SSCT) merupakan kegiatan keliling Kota Surabaya untuk berwisata ke destinasi yang bertema kepahlawan, bersama dengan pemandu."
Balai Pemuda dan Alun-alun Surabaya,non_kuliner,-7.2638645,112.7453065,"Jl. Gubernur Suryo No.15, Embong Kaliasin, Kec. Genteng, Surabaya, Jawa Timur",https://as2.ftcdn.net/v2/jpg/05/80/49/89/1000_F_580498930_e2aZ0p2bdNaVFkmUQQaGrqsh3dGyTAzM.jpg,"Balai Pemuda merupakan gedung fasilitas publik seperti perpustakaan kota, program rumah bahasa, tourist information center, teater pertunjukan, serta terdapat museum pameran, arena skateboard, dan tempat parkir. Selain itu, Gedung ini juga disewakan untuk acara-acara seperti pameran seni, seminar, dan sebagainya."
Balai Kota Surabaya,non_kuliner,-7.259445,112.746996,"Jl. Taman Surya No.1, Ketabang, Kec. Genteng, Surabaya, Jawa Timur 60272, Indonesia",https://media-cdn.tripadvisor.com/media/photo-s/19/70/77/fc/suasana-balai-kota-surabaya.jpg,"Balai Kota merupakan gedung peninggalan penjajah Belanda yang kini berfungsi sebagai kantor pemerintahan Kota Surabaya, digunakan oleh Walikota dan Wakil Walikota yang tengah menjabat."
Ekowisata Mangrove Wonorejo,non_kuliner,-7.3087462,112.8217729,"Jl. Raya Wonorejo No.1, Wonorejo, Kec. Rungkut, Surabaya, Jawa Timur",https://tse1.mm.bing.net/th/id/OIP.9dBSA6uP7HDdRwiLvawOTgHaFj?cb=ucfimg2ucfimg=1&rs=1&pid=ImgDetMain&o=7&rm=3,"Ekowisata Mangrove Wonorejo merupakan area konservasi Hutan Bakau sekaligus rumah bagi ratusan spesies burung yang bermigrasi. Selain itu, hutan ini juga berfungsi untuk mencegah ancaman intrusi air laut."
Arca Joko Dolog,non_kuliner,-7.26494,112.742765,"Jl. Taman Apsari, Embong Kaliasin, Kec. Genteng, Surabaya, Jawa Timur",https://tse4.mm.bing.net/th/id/OIP.JPg9JWKP0gqyo3tVPMK9AgHaFj?cb=ucfimg2ucfimg=1&rs=1&pid=ImgDetMain&o=7&rm=3,"Arca Joko Dolog merupakan salah satu cagar budaya yang melambangkan perwujudan Raja Singhasari terakhir, Kertanagara. Arca ini dipahat oleh seseorang bernama Nada, dan pembuatannya dilakukan sekitar tiga tahun sebelum Raja Kertanegara meninggal, akibat dibunuh oleh tentara Jayakatwang adipati Gelang-gelang kini Madiun yang memberontak pada Singasari."
Gramedia Expo / Dyandra Convention Center,non_kuliner,-7.269219,112.741722,"Jl. Basuki Rahmat No.93-105, Embong Kaliasin, Kec. Genteng, Surabaya, Jawa Timur",https://th.bing.com/th/id/R.e3f240004434e89ed5baca398ae9cb63?rik=K%2bw6mSr1eXm3hQ&riu=http%3a%2f%2fsugar-asia.com%2fwp-content%2fuploads%2f2022%2f02%2fDyandra-Convention-Center-DCC-1024x540.jpg&ehk=ZqpIPjy8Sc6sKZ6T2CdioAR9UbikGgG7ldS2FLPctcg%3d&risl=&pid=ImgRaw&r=0,"Arca Joko Dolog adalah salah satu peninggalan budaya yang menggambarkan Raja Singhasari terakhir, Kertanagara. Patung ini dibuat oleh seorang pemahat bernama Nada, sekitar tiga tahun sebelum Raja Kertanegara wafat. Kertanegara meninggal karena dibunuh oleh pasukan Jayakatwang, penguasa Gelang-gelang (sekarang Madiun), yang memberontak terhadap Kerajaan Singasari."
Monumen Perjuangan POLRI,non_kuliner,-7.280822,112.740925,"Jl. Polisi Istimewa, Keputran, Kec. Tegalsari, Surabaya, Jawa Timur 60265, Indonesia",https://dynamic-media-cdn.tripadvisor.com/media/photo-o/1a/22/bf/c2/monumen-perjuangan-polri.jpg?w=1200&h=-1&s=1,Monumen POLRI merupakan salah satu monumen yang dibangun untuk mengenang perjuangan Polisi Istimewa yang dibentuk Jepang pada tahun 1944 di Surabaya. 
Monumen Gubernur Suryo dan Taman Apsari,non_kuliner,-7.2636347,112.7425622,"Jl. Gubernur Suryo, Embong Kaliasin, Kec. Genteng, Surabaya, Jawa Timur",https://assets.pikiran-rakyat.com/crop/0x0:0x0/1200x675/photo/2025/03/03/1562705085.jpg,"Monumen ini merupakan monumen Patung Gubernur Suryo, yaitu gubernur pertama Jawa Timur yang gugur akibat pemberontakan PKI Madiun 1948. "
Wisata Perahu Kalimas,non_kuliner,-7.2614722,112.7428284,"Jl. Ketabang Kali No.2-B, Ketabang, Kec. Genteng, Surabaya, Jawa Timur",https://asset.kompas.com/crops/z3bpE1YMpglB_W1iC8r9yB9lJiM=/0x453:800x986/750x500/data/photo/2023/09/18/6507b47830e8a.jpg,"Pada masa Kerajaan Majapahit, muara Kalimas berfungsi sebagai gerbang utama menuju ibu kota Trowulan, dan pada era VOC, sungai ini menjadi jalur transportasi air penting untuk berbagai komoditas. Pelabuhan rakyat Kalimas juga merupakan pusat perdagangan Kota Surabaya. Ketika pemerintah kolonial Hindia Belanda berkuasa, infrastruktur air dan darat diperbaiki. Kini, objek wisata ini menawarkan perpaduan konsep kuliner, edukasi, belanja, dan sejarah dengan pemandangan lokasi wisata di sekitarnya, seperti Taman Prestasi, Museum Pendidikan, Taman Ekspresi, dan Pasar Apung. Selain itu, adanya hiasan lampu dan lampion berwarna-warni di tepi Sungai Kalimas."
Masjid Muhammad Cheng Hoo,non_kuliner,-7.2522687,112.7469172,"Jl. Gading No.2, Ketabang, Kec. Genteng, Surabaya, Jawa Timur","https://ik.imagekit.io/tvlk/blog/2018/08/Surabaya-Cheng-Hoo-Mosque-655916155.jpg?tr=dpr-2,w-675","Masjid Muhammad Cheng Hoo adalah masjid bergaya arsitektur Tionghoa yang menjadi simbol akulturasi budaya dan tempat ibadah umat Muslim. Masjid ini dibangun sebagai bentuk penghormatan kepada seorang pelaut Muslim Tiongkok, Laksamana Cheng Hoo yang menyebarkan Islam di Nusantara."
Tunjungan Plaza,mall,-7.262363,112.736254,"Tunjungan plaza, Jl. Jenderal Basuki Rachmat No.8-12 lantai 5, Kedungdoro, Kec. Tegalsari, Surabaya, Jawa Timur 60261",https://tourism.surabaya.go.id/api/helper/show-file/tourist-destination-files/9ad63b6b-4fee-4624-9407-24c077b518e5,"Tunjungan Plaza adalah salah satu pusat perbelanjaan modern yang banyak diminati wisatawan lokal maupun mancanegara saat berkunjung ke Surabaya. Berlokasi di jantung Kota Surabaya, mall ini sangat strategis karena mudah dijangkau dengan transportasi pribadi maupun umum."
Museum Pendidikan Surabaya,non_kuliner,-7.2562147,112.7429471,"Jl. Genteng Kali No.10, Genteng, Kec. Genteng, Surabaya, Jawa Timur",https://asset.kompas.com/crops/Mlqeh1oZCViQhs-Nv8JWsq8KwfY=/0x0:1280x853/750x500/data/photo/2022/11/27/638367da474d1.jpg,"Museum Pendidikan Surabaya merupakan museum tradisional yang didirikan sebagai langkah pelestarian sejarah dan budaya bangsa untuk mendukung kegiatan edukasi, riset dan rekreasi di Kota Surabaya. Museum ini menyimpan bukti pendidikan pada masa Pra-Aksara, Masa Klasik, Masa Kolonial dan Masa Kemerdekaan."
Taman Bungkul,non_kuliner,-7.291347,112.739822,"Jl. Taman Bungkul, Darmo, Kec. Wonokromo, Surabaya, Jawa Timur",https://www.itrip.id/wp-content/uploads/2021/06/Harga-Tiket-Taman-Bungkul.jpg,"Taman Bungkul diambil dari nama seorang tokoh penyebar agama islam di Wilayah Surabaya, bernama Ki Ageng Supo yang kemudian mendapat gelar Sunan Bungkul yang makamnya berada di belakang taman. Taman ini menyediakan fasilitas free wifi, taman bermain, skate & BMX area, dan kuliner."
Kampung Kue,makanan_ringan,-7.323768814,112.769831,"Jl. Rungkut Lor Gg. II No.1, Kali Rungkut, Kec. Rungkut, Surabaya, Jawa Timur 60293",https://akcdn.detik.net.id/community/media/visual/2024/04/23/menilik-kampung-kue-rungkut-lor-surabaya-4.jpeg?w=700&q=90,Kampung Kue Rungkut merupakan sentra kuliner legendaris di Surabaya yang dikenal sebagai pusat produksi dan distribusi berbagai jenis kue tradisional Nusantara.
Visma Art & Design Gallery,non_kuliner,-7.265988,112.738307,"Jl. Tegalsari No.35, Tegalsari, Kec. Tegalsari, Surabaya, Jawa Timur 60262",https://tourism.surabaya.go.id/api/helper/show-file/tourist-destination-files/9c42322e-4a14-41cc-89a6-dc054b3ab9c5,"Visma Art & Design Gallery, mengambil namanya dari kata ""Visi"" yang artinya menjadi galeri seni rupa dan desain terkemuka di Indonesia. Selain menyediakan pameran karya seni, galeri ini juga menampilkan berbagai kreasi desainer Indonesia, menyelenggarakan berbagai lokakarya seni dan dilengkapi dengan fasilitas kedai kopi serta coworking space"
Tunjungan Romansa,non_kuliner,-7.260249436,112.7395721,"Jl. Tunjungan, Kedungdoro, Kec. Tegalsari, Surabaya, Jawa Timur",https://ik.trn.asia/uploads/2021/11/1637628439448.jpeg,"Tunjungan romansa merupakan perkumpulan kuliner dari UMKM atau coffeeshop, serta pertunjukan seni."
Taman Budaya Jawa Timur,non_kuliner,-7.256752,112.739851,"Jl. Genteng Kali No.85, Genteng, Kec. Genteng, Surabaya, Jawa Timur 60275",https://mediasenior.id/images/media/artikel/e47f1ebef0e88dde5c581914cb1a6d11.jpg,Taman Budaya Jawa Timur merupakan sebuah Unit Pelaksana Teknis (UPT) dibawah Dinas Kebudayaan dan Pariwisata Provinsi Jawa Timur yang berfungsi sebagai pusat pengkajian dan pengembangan kesenian Jawa Timur.
Suroboyo Park,non_kuliner,-7.2253727,112.7880641,"QQFQ+V6H, Jl. Pantai Kenjeran, Kedung Cowek, Kec. Bulak, Surabaya, Jawa Timur 60125",https://tourism.surabaya.go.id/api/helper/show-file/tourist-destination-files/9a553cbd-da80-4a5f-b0fd-f87967ae11fb,"Suroboyo Park adalah pusat rekreasi yang menawarkan area untuk relaksasi dan aktivitas santai. Taman ini memiliki kebun bertema, instalasi seni, dan atraksi air sehingga pengunjung dapat menikmati pemandangan garis pantai dan terlibat dalam berbagai aktivitas luar ruangan. Taman ini dirancang dengan memadukan alam dan fasilitas modern."
OCA Ice Skating Arena Surabaya,non_kuliner,-7.2606154,112.737355,"Jl. Embong Malang No.39, Kedungdoro, Kec. Tegalsari, Surabaya, Jawa Timur 60261",https://blog.agendakota.id/wp-content/uploads/2025/07/oca-ice-skating.jpeg,"OCA Ice Skating Surabaya adalah tempat ice skating terbesar dengan es asli seluas 1200 m2. Di tempat wisata ini, pengunjung bisa merasakan berseluncur di atas es dengan area yang luas. Harga tiket masuk sudah termasuk persewaan sepatu, dan para pengunjung wajib menggunakan sarung tangan dan kaos kaki."
Langgar Dukur Kayu,non_kuliner,-7.2509664,112.7415151,"Lawang Seketeng IV Jl. Grogol Gg. I No.5, RT.001/RW.15, Peneleh, Kec. Genteng, Surabaya, Jawa Timur 60274",https://tourism.surabaya.go.id/api/helper/show-file/tourist-destination-files/9af3fc98-b59f-4ab9-890f-3aa69796587c,"Langgar Dukur Kayu merupakan tempat mengaji Presiden Soekarno saat masih kecil. Selain itu ada Terakota, Sumur Tua, Makam Mbah Pitono, Makam Mbah Dimo, Makam Syekh Zen Zaini Assegaf, Rumah Kayu, Rumah Jengki dan Rumah Puing yang menjadi pusat daya tarik wisata."
Kampung Joglo Cak Markeso Ketandan,non_kuliner,-7.2577888,112.7379012,"Jl. Ketandan Baru I No.No, RT.27RT.009/RW.04, Genteng, Kec. Genteng, Surabaya, Jawa Timur 60275",https://tourism.surabaya.go.id/api/helper/show-file/tourist-destination-files/9ac7ed34-45c5-49ab-8068-8490f6da0ed4,Kampung Ketandan merupakan salah satu kampung tua di Surabaya yang terletak di antara bangunan pencakar langit di pusat kota Surabaya. Memasuki Kampung Ketandan akan tampak rumah-rumah warga yang masih mempertahankan arsitektur khas era kolonial. Di tengah kampung juga dibangun balai budaya berupa rumah joglo yang difungsikan sebagai ruang publik warga untuk berlatih seni dll.
Kebun Binatang Surabaya,non_kuliner,-7.2959546,112.7366094,"Jl. Setail No.1, Darmo, Kec. Wonokromo, Surabaya, Jawa Timur 60241",https://awsimages.detik.net.id/community/media/visual/2024/06/17/kebun-binatang-surabaya-1_169.jpeg?w=700&q=90,"Kebun Binatang Surabaya merupakan kebun binatang terlengkap se-Asia Tenggara, berisi 211 spesies satwa yang berbeda dan lebih dari 2.236 binatang. "
Rumah Lahir Bung Karno,non_kuliner,-7.250899,112.74056,"Jl. Pandean IV No.40, Peneleh, Kec. Genteng, Surabaya, Jawa Timur 60274",https://tourism.surabaya.go.id/api/helper/show-file/tourist-destination-files/9f3c8c52-0228-42dd-bc99-d093a0bad630,Rumah Lahir Bung Karno berisi koleksi perjalanan Bapak R. Soekeni dan Ibu Nyoman Rai Srimben sekaligus Soekarno dalam bentuk video mapping dan teknologi Augmented Reality.
Surabaya Kriya Gallery (SKG) SIOLA,oleh_oleh,-7.2562015,112.7374846,"Jl. Tunjungan No. 1-3, Genteng, Kec. Genteng, Surabaya, Jawa Timur 60275",https://tiketwisata.surabaya.go.id/storage/tour/museum-surabayagedung-siola_1666543455.jpg,"Surabaya Kriya Gallery (SKG) SIOLA berisi aneka produk lokal mulai dari kain Batik, produk fashion, kriya, aksesoris, hingga berbagai snack dan minuman."
Spikoe Resep Kuno,makanan_ringan,-7.3311105,112.7742819,"Jl. Rungkut Madya No.41, Rungkut Kidul, Kec. Rungkut, Surabaya, Jawa Timur 60293",https://tourism.surabaya.go.id/api/helper/show-file/tourist-destination-files/9d92892c-147c-4e1a-8c11-ea9c0bd4235e,"Spikoe Resep Kuno adalah produsen kue lapis Surabaya dengan visi meningkatkan mutu produk dan pelayanan agar senantiasa menjadi kue pilihan dari Surabaya. Oleh karena itu, mereka berkomitmen untuk memproduksi kue dengan bahan baku berkualitas, resep tradisional dan orisinal, serta proses produksi yang higienis dengan sentuhan peralatan modern demi menjamin keamanan pangan pelanggan. "
Museum H.O.S Tjokroaminoto,non_kuliner,-7.2525419,112.737776,"Jl. Peneleh Gg. VII No.29-31, Peneleh, Kec. Genteng, Surabaya, Jawa Timur 60274",https://static.promediateknologi.id/crop/0x0:0x0/0x0/webp/photo/p2/11/2024/05/20/Museum-HOS-Tjokroaminoto-3274812584.jpg,"Museum H.O.S Tjokroaminoto merupakan rumah peninggalan H.O.S Tjokroaminoto beserta keluarganya. Selain itu, museum ini juga menjadi saksi bisu perjuangan bangsa maupun lahirnya tokoh nasional, dilengkapi dengan koleksi barang-barang yang memiliki kaitan dengan kisah hidupnya."
Monumen Wira Surya Agung,non_kuliner,-7.298964,112.73579,"Jl. Raya Darmo, Darmo, Kec. Wonokromo, Surabaya, Jawa Timur 60264",https://tourism.surabaya.go.id/api/helper/show-file/tourist-destination-files/9998acf9-ffbb-4a2f-84f7-42a034795be8,"Monumen ini pernah menjadi tempat pertempuran antara rakyat Indonesia melawan pasukan sekutu yang dipimpin oleh Jendral A.W.S Mallaby pada tanggal 28 - 30 Oktober 1945. Kemudian, pada pertempuran 10 Nopember 1945 banyak pejuang gugur disekitar sini akibat tembakan gurkha dari atas pohon."
Teh Villa Gallery,non_kuliner,-7.3285925,112.7639834,"Jl. Raya Rungkut Industri II No.53, Kali Rungkut, Kec. Rungkut, Surabaya, Jawa Timur 60293",https://tourism.surabaya.go.id/api/helper/show-file/tourist-destination-files/9c4228fb-410a-45ec-9be9-d67b3d2ab97b,Teh Villa Gallery merupakan Galeri yang mewadahi aktifitas dan mengapresiasi karya seni.
Mall Pasar Atom,mall,-7.2417083,112.7439575,"Jl. Bunguran No.45, Bongkaran, Kec. Pabean Cantikan, Surabaya, Jawa Timur 60161",https://kabarbisnis.com/images/picture/201805/1331-pasar_atum.jpg,"Pasar Atom merupakan pusat perbelanjaan dengan ciri khas, yaitu para pengunjung masih dapat merasakan seni tawar menawar antara penjual dan pembeli pada saat berbelanja. "
Darmo Trade Center (DTC),mall,-7.302084,112.735917,"Jl. Jagir Wonokromo, Jagir, Kec. Wonokromo, Surabaya, Jawa Timur 60242",https://tourism.surabaya.go.id/api/helper/show-file/tourist-destination-files/9d9809c9-722c-4020-be43-8d96ec17d7a9,Darmo Trade Center (DTC) adalah salah satu pusat perbelanjaan di Surabaya dengan penggabungan konsep pasar tradisional dan modern
Museum Olahraga Surabaya,non_kuliner,-7.2867947,112.7310405,"Jl. Indragiri No.6, Darmo, Kec. Wonokromo, Surabaya, Jawa Timur 60241",https://tourism.surabaya.go.id/api/helper/show-file/tourist-destination-files/9d92650d-cd90-4f8f-a063-6c15a76ed75b,"Museum ini menyimpan koleksi-koleksi Atlet Surabaya yang terbagi menjadi tiga jenis yaitu koleksi historika (koleksi yang diperoleh dari hasil temuan, hasil escavasi atau bukti materil bersejarah), koleksi heraldika (tanda penghargaan atau jasa, kepangkatan, lambang atau logo), dan koleksi teknologika terkait benda dengan unsur teknolog"
Surabaya Town Square (SUTOS),mall,-7.293526,112.732124,"Jl. Hayam Wuruk No.6, RT.005/RW.11, Sawunggaling, Kec. Wonokromo, Surabaya, Jawa Timur 60242",https://tourism.surabaya.go.id/api/helper/show-file/tourist-destination-files/9998b6ee-9795-4bf8-b9de-aefa39da4365,"Surabaya Town Square (Sutos) merupakan salah satu mall di Surabaya selatan dengan konsep semi outdoor, menyediakan berbagai pilihan kuliner, fasilitas, dan event-event pop up market/bazaar."
Perpustakaan Bank Indonesia,non_kuliner,-7.287466,112.730185,"Jl. Taman Mayangkara No.6, Darmo, Kec. Wonokromo, Surabaya, Jawa Timur 60241",https://tourism.surabaya.go.id/api/helper/show-file/tourist-destination-files/9af3fe46-e435-4537-baac-1a507478eb63,Perpustakaan Bank Indonesia terdiri dari Perpustakaan Kantor Pusat Bank Indonesia (KPBI) yang berada di bawah pengelolaan BI Institute dan Perpustakaan Kantor Perwakilan (KPw) Bank Indonesia yang berada di seluruh Kantor Perwakilan.
BG Junction,mall,-7.2553559,112.7337931,"Jl. Bubutan No.1-7, Bubutan, Kec. Bubutan, Surabaya, Jawa Timur 60174",https://tourism.surabaya.go.id/api/helper/show-file/tourist-destination-files/9d980fe1-085d-4f88-b565-38cba6719652,"BG Junction Surabaya adalah sebuah pusat perbelanjaan yang terletak di jantung kota Surabaya, tepatnya di kawasan Jalan Bubutan. Mall ini menawarkan pengalaman berbelanja yang nyaman dengan berbagai pilihan toko fashion, elektronik, hingga kebutuhan sehari-hari."
Gelora Pancasila dan Lapangan THOR,non_kuliner,-7.2870625,112.7299574,"Jl. Patmosusastro No.12, Darmo, Kec. Wonokromo, Surabaya, Jawa Timur 60256",https://tourism.surabaya.go.id/api/helper/show-file/tourist-destination-files/9ad63514-4159-472b-b09b-643dce8e1780,"Gelora Pancasila yang dibangun pada tahun 1965 merupakan gelanggang olahraga dengan berbagai fasilitas, terdiri atas lapangan indoor, trek lari, serta lapangan thor. Selain itu, terdapat Museum Olahraga di area Gelora Pancasila yang menyimpan berbagai koleksi para atlet di Surabaya."
Gedung Nasional Indonesia & Dr. Soetomo Museum,non_kuliner,-7.2508131,112.7354375,"Jl. Bubutan No.85-87, Bubutan, Kec. Bubutan, Surabaya, Jawa Timur 60174",https://direktori.vokasi.unair.ac.id/wp-content/uploads/2023/06/11-GNI.jpeg,"Gedung Nasional Indonesia & Dr. Soetomo Museum ditetapkan sebagai bangunan cagar budaya sejak tahun 1996 dan sejak tahun 2017 di GNI terdapat Museum Dr. Soetomo yang diresmikan oleh Walikota Tri Risma Harini. Gedung ini merupakan museum khusus yang menampilkan riwayat hidup Dr. Soetomo, tokoh pergerakan sekaligus salah satu pendiri organisasi Boedi Oetomo."
Monumen Tugu Pahlawan dan Museum Sepuluh Nopember,non_kuliner,-7.2458330422657,112.7378153801,"Jl. Pahlawan, Alun-alun Contong, Kec. Bubutan, Surabaya, Jawa Timur 60174",https://tiketwisata.surabaya.go.id/storage/tour/monumen-tugu-pahlawan_1680340884.jpeg,"Monumen Tugu Pahlawan dibangun untuk mengenang peristiwa bersejarah yang terjadi pada 10 November 1945, ketika pertempuran besar antara pasukan Indonesia dan pasukan Sekutu di Surabaya. Kemudian, kejadian tersebut dikenal sebagai ""Pertempuran 10 Nopember"" menjadi simbol perjuangan dan semangat kemerdekaan Indonesia. Di sebelah monumen, terdapat Museum Sepuluh Nopember, berisi koleksi sejarah peristiwa-peristiwa penting dalam perjuangan kemerdekaan di Surabaya."
Makam Ereveld Kembang Kuning,non_kuliner,-7.282948,112.727548,"Jl. Kembang Kuning Makam Atas No.1, Pakis, Kec. Sawahan, Surabaya, Jawa Timur 60256",https://tourism.surabaya.go.id/api/helper/show-file/tourist-destination-files/9f3e9ca8-e5dd-42db-a399-315e7a818e6d,"Sebuah pemakaman perang di Surabaya, mencakup warga sipil dan prajurit bekas Tentara Kerajaan Hindia Belanda. Pada tengah pemakaman, terdapat monumen perwira laut untuk memperingati Pertempuran Laut Jawa pada 27 Februari 1942."
Pos Bloc Surabaya,non_kuliner,-7.242712015,112.7375157,"Jl. Kebon Rojo, Krembangan Sel., Kec. Krembangan, Surabaya, Jawa Timur 60175",https://tourism.surabaya.go.id/api/helper/show-file/tourist-destination-files/9d926b34-9dfc-458b-a835-e2cc2ddb7df3,"Gedung Kantor Pos Kebonrojo ini dibangun pada tahun 1926 berdasarkan perancangan oleh G.P.J.M.Bolsius dari Departemen Burgerlijke Openbare Werken (BOV) Batavia. Sebelum menjadi kantor pos, gedung ini digunakan sebagai Kantor Kabupaten Surabaya"
Royal Plaza,mall,-7.3089332,112.7348904,"Jl. Ahmad Yani No.16-18, Wonokromo, Kec. Wonokromo, Surabaya, Jawa Timur 60243, Indonesia",https://tourism.surabaya.go.id/api/helper/show-file/tourist-destination-files/9d9806ea-ee50-4c3f-b647-1b0631ec580d,"Royal Plaza Surabaya adalah pusat perbelanjaan modern yang menyediakan berbagai pilihan belanja dari brand internasional hingga lokal, pilihan kuliner mulai dari makanan khas Indonesia hingga hidangan internasional, serta fasilitas hiburan."
Taman Mayangkara,non_kuliner,-7.306994,112.733335," Wonokromo, Surabaya, East Java 60243",https://tourism.surabaya.go.id/api/helper/show-file/tourist-destination-files/9998aa78-e722-41ed-8269-4bad0aeac7e2,"Taman Mayangkara berisi Monumen Mayangkara dan dilengkapi dengan fasilitas publik, seperti lapangan basket dan sepak bola."
Kampung Lawas Maspati,non_kuliner,-7.247344,112.73394,"Jl. Maspati Gg. VI, Bubutan, Kec. Bubutan, Surabaya, Jawa Timur 60174",https://static.promediateknologi.id/crop/0x0:0x0/0x0/webp/photo/ibenews/2023/10/WhatsApp-Image-2023-10-21-at-1.25.12-PM.jpeg,"Kampung Lawas Maspati adalah destinasi wisata tematik yang memadukan sejarah, budaya, dan lingkungan khas masa lalu."
Bebek Palupi Rungkut,non_kuliner,-7.232666,112.743821,"Jl. Rungkut Asri Tengah No.10, Rungkut Kidul, Kec. Rungkut, Surabaya, Jawa Timur 60293, Indonesia",https://sofiaabdullah.com/wp-content/uploads/2022/04/20220130_1021344904293542381636307.jpg?w=768,"Bebek Palupi Rungkut adalah sebuah rumah makan bebek goreng yang populer di Surabaya, terletak di kawasan Rungkut. Tempat makan ini terkenal dengan bebek goreng dan bakarnya yang menggunakan bumbu kuning meresap, kulit renyah, dan disajikan dengan sambal pedas. "
Siropen (pabrik limun dan sirup telasih),oleh_oleh,-7.2373207,112.737195,"Jl. Mliwis No.5, Krembangan Sel., Kec. Krembangan, Surabaya, Jawa Timur 60175",https://assets.promediateknologi.id/crop/0x0:0x0/0x0/webp/photo/radarsurabaya/2022/12/ok_surabayapedia-Pabrik-Siropen.jpg,"Pabrik Sirup Siropen memilik nama lain, yaitu Perusahaan Sirup Telasih berada di kawasan Kota Tua Surabaya. Pabrik ini merupakan pabrik sirup pertama di Indonesia yang ada sejak tahun 1923 dengan arsitektur bangunan bergaya Indische Empire Style. Pabrik ini Bernama pabrik limun dan sirup “telasih” J.C. Van Drongelen & Hellfach."
Kota Lama Surabaya,non_kuliner,-7.23607432,112.7373975,"Jl. Rajawali Jl. Jembatan Merah, Kota Lama, Kec. Krembangan, Surabaya, Jawa Timur",https://static.promediateknologi.id/crop/0x0:0x0/0x0/webp/photo/p2/218/2024/07/16/SURYANTO-WISATA-KOTA-LAMA-7-947757994.jpg,"Kota Lama Surabaya lebih dari sekadar kisah tentang terbentuknya Surabaya sebagai kota pelabuhan dan perdagangan. Kota Lama Surabaya juga bermakna kota multikultural yang dihuni berbagai etnik/bangsa dari berbagai belahan dunia. Kota Lama Surabaya juga menjadi latar utama terjadinya peristiwa pemicu pertempuran 10 November 1945, yang lantas abadi dalam julukan Kota Pahlawan."
Masjid Agung Sunan Ampel,non_kuliner,-7.230335,112.742906,"Jl. Ampel Masjid No.53, Ampel, Kec. Semampir, Surabaya, Jawa Timur 60151",https://www.rumah123.com/seo-cms/assets/large_Masjid_Ampel_Surabaya_Bukti_Penyebaran_Islam_di_Jawa_90b7d01e1c/large_Masjid_Ampel_Surabaya_Bukti_Penyebaran_Islam_di_Jawa_90b7d01e1c.jpg,"Daya Tarik wisata religi Masjid dan Makam Sunan Ampel adalah tempat peziarahan. Masjid Ampel ini dibangun untuk menghormati Sunan Ampel sebagai salah seorang wali penyebar Agama Islam di Pulau Jawa. Beliau adalah putra Ali Rachmatullah, kemudian menjadi Raden Rachmat yang akhirnya disebut sebagai Sunan Ampel. Beliau wafat pada tahun 1481 dan dimakamkan di sebelah kanan Masjid Ampel. Masjid Ampel banyak dikunjungi sebagai destinasi wisata religi bagi wisatawan muslim pada umumnya dari dalam maupun luar negeri. Bentuk bangunannya juga masih terjaga hingga kini."
Gedung Internatio,non_kuliner,-7.2358403784658,112.73711539986,"QP7P+MR9, Krembangan Sel., Kec. Krembangan, Surabaya, Jawa Timur 60175",https://wisataman.wordpress.com/wp-content/uploads/2013/01/wpid-dsc001471.jpg?w=1560,"Gedung Internatio (Internatio Willemsplein) dahulu digunakan sebagai kantor Internationale Crediet-en Handels-Vereeniging Rotterdam atau Perkumpulan Kredit dan Perdagangan Internasional Rotterdam. Dibangun pada tahun 1929 dan dikerjakan oleh biro arsitek AIA (Algemeen Ingenieurs en Architecten Bureau), gedung ini kemudian dikuasai pasukan sekutu setelah mendarat di Pelabuhan Tanjung Perak."
Gedung PTPN I Regional 4,non_kuliner,-7.237955,112.73472,"Jl. Merak No.1, Krembangan Sel., Kec. Krembangan, Surabaya, Jawa Timur 60175",https://www.eastjava.com/tourism/surabaya/images/gallery/ptpn_building/ptpn-11-001.jpg,"Gedung bersejarah yang kini menjadi kantor PT. Perkebunan Nusantara XI pada awalnya adalah milik HVA (Handels Vereeniging Amsterdam/Asosiasi Pedagang Amsterdam). Kala itu di Indonesia, HVA menangani kegiatan ekspor gula ke luar negeri. Gedung HVA mulai dibangun pada tahun 1920 hingga 1921 dan diresmikan pada tanggal 18 April 1925."
De Javasche Bank (Museum Bank Indonesia),non_kuliner,-7.235292,112.73672,"Jl. Garuda No.1, Krembangan Sel., Kec. Krembangan, Surabaya, Jawa Timur 60175",https://statik.tempo.co/data/2022/06/15/id_1117688/1117688_720.jpg,"De Javasche Bank mengusung konsep Neo-Renaissance yang meliliki ciri khas seperti unsur simetris. Bangunan seluas 1000 meter persegi ini sebenarnya adalah hasil pugaran pada tahun 1910. Difungsikan pertama kali pada tanggal 14 September 1829, pemerintah Hindia Belanda memutuskan untuk membangun gedung baru di tempat yang sama dengan alasan modernisasi. Bangunannya didesain lebih ramah terhadap iklim tropis di Indonesia. Setelah De Javasche Bank dinasionaliasi oleh pemerintah pada tahun 1951, gedung ini menjadi kantor Bank Indonesia perwakilan Surabaya pada tahun 1953 hingga 1972. Lalu, pada 27 Januari 2012, gedung tiga lantai milik Bank Indonesia ini ditetapkan sebagai cagar budaya. Kini, masyarakat yang ingin melihat jejak perbankan di Surabaya bisa berkunjung ke sana secara gratis. Letaknya pun mudah dijangkau dengan kendaraan pribadi maupun transportasi umum."
Jatim International Expo(JIE) Convention Exhibition,non_kuliner,-7.318212,112.731929,"Jl. Ahmad Yani No.99, Jemur Wonosari, Kec. Wonocolo, Surabaya, Jawa Timur 60234",https://venuemagz.com/wp-content/uploads/2017/04/venuemagz-20151015170247-800x533_c.jpg,"Gedung yang semula bernama Jatim International Expo, dan kini dikenal sebagai JX International, merupakan gedung konvensi dan ekshibisi terbesar di Indonesia Timur dengan luas area pameran lebih dari 5000 m2 serta ketinggian atap/plafon hingga 15 m. Sejak tahun 2011, JX International telah dilengkapi dengan beberapa fungsi ruang tambahan, di antaranya ruang meeting, kafe di main lobby, dan area perkantoran di basement. Sejak mengganti merek, jumlah event di tempat ini bertambah hingga 40%, rutin menggelar berbagai acara besar seperti BUMD Expo, Pameran Kids and World, dan Pameran Haji dan Umrah, serta sering menjadi lokasi untuk seminar, lomba-lomba, job fair, festival musik, hingga pameran produk fashion, makanan, buku, perumahan dan apartemen, dan lain-lain."
Panti Asuhan Don Bosco,non_kuliner,-7.256858,112.719772,"Jl. Tidar No.115, Petemon, Kec. Sawahan, Surabaya, Jawa Timur 60252",https://tourism.surabaya.go.id/api/helper/show-file/tourist-destination-files/9af3ff0e-1583-4770-9a10-2f23cfb6f4b5,"Yayasan Don Bosco didirikan oleh G.J ter Veer pada tahun 1927. Panti asuhan Don Bosco awalnya berada di Jl. Ngemplak, hingga pada tahun 1937 pindah ke Jl. Tidar sampai sekarang. Panti asuhan menjadi bagian dari peristiwa bersejarah di Surabaya. Sempat menjadi gudang senjata pada saat kependudukan Jepang, hingga pada September 1945, arek-arek Suroboyo menyerbu gedung Don Bosco untuk merebut senjata milik kesatuan Jepang, Dai 10360 Butai Kaisutiro."
Ciputra World Mall Surabaya (CIWO),mall,-7.293017,112.717147,"Jl. Mayjen Sungkono No.89, Gn. Sari, Kec. Dukuhpakis, Surabaya, Jawa Timur 60225",https://kfmap.asia/storage/thumbs/storage/photos/ID.SRB.RT.CWM/ID.SRB.RT.CWM_1.jpg,"Ciputra World Surabaya berlokasi di CBD Mayjen Sungkono Surabaya, dibangun dengan konsep Superblock yang berdiri diatas lahan seluas 9 Hektar akan menjadi salah satu superblock terbesar di Indonesia.Superblock yang terdiri dari Mall Ciputra World, Ciputra World Hotel, Skyloft-SOHO, dan The Voila Apartment melengkapi Ciputra World sebagai fungsi entertaining, perhotelan, perkantoran, dan hunian."
Museum Pusat Angkatan Laut,non_kuliner,-7.2218125,112.7400625,"Koarmada II, Surabaya, Jawa Timur 60154",https://aset.indonesiadefense.com/wp-content/uploads/2023/09/Musem-Pusat-TNI-AL-.jpeg,"Museum Pusat Angkatan Laut yang diresmikan pada 11 September 2023 ini berlokasi diatas lahan seluas 3,2h dan berada di ujung utara kota Surabaya. Museum pintar ini dirancang dengan menggunakan teknologi 4.0. dan terdapat ruang terbuka hijau dengan konsep yang teduh dan asri. Museum ini juga menawarkan pengalaman interaktif, simulasi, dan edukatif dengan berbagai koleksi yang menarik."
Pelangi Park,non_kuliner,-7.327315645,112.7312349,"Jl. Ahmad Yani No.138, Gayungan, Kec. Gayungan, Surabaya, Jawa Timur 60235",https://surabayaasik.com/wp-content/uploads/2025/07/Taman-Pelangi-Surabaya-Destinasi-Wisata-Penuh-Warna-di-Jantung-Kota-Pahlawan-Foto-static.promediateknologi.id_.jpg,Disebut sebagai Taman Pelangi karena keindahan lampu warna-warni yang terpasang di instalasi balok yang menyerupai setengah daun yang berkelok yang berada di tengah-tengah taman.
Jamboree Playland,non_kuliner,-7.3198122,112.7187174,Ketintang Madya VII No.4,https://tourism.surabaya.go.id/api/helper/show-file/tourist-destination-files/9dbc6dca-8668-4ace-803a-0072a0da7bb5,"Jamboree Playland merupakan tempat hiburan baru di Kota Surabaya yang cocok untuk dijadikan destinasi berlibur bersama anak dan keluarga. Adapun fasilitas yang tersedia antara lain Kolam renang Dewasa dengan kedalaman 125 cm, kolam renang anak-anak dengan ukuran 30 cm dan 50 cm, Taman Sensorik, toilet dan ruang ganti untuk pria, wanita dan disabilitas."
Lagoon Avenue Mall Sungkono,mall,-7.289699,112.704489,"Jl. KH Abdul Wahab Siamin Surabaya No.Kav. 9-10, Putat Gede, Kec. Dukuhpakis, Surabaya, Jawa Timur 60225",https://surabayaasik.com/wp-content/uploads/2025/10/Lagoon-Avenue-Mall-Sungkono-Foto-Tripadvisor.jpg,"Lagoon Avenue Mall Sungkono (LAVE Mall)adalah Lifestyle Mall yang terletak di kawasan superblok Grand Sungkono Lagoon dengan tema unsur alam di sekitarnya. Atap skylight akan membawa nuansa outdoor ke dalam ruangan, dan kafe terapung, di mana orang dapat menikmati makan dengan pemandangan laguna."
Trans Icon Mall Surabaya,mall,-7.3386863,112.7287286,"Jl. Ahmad Yani No.260, Siwalankerto, Kec. Wonocolo, Surabaya, Jawa Timur 60235",https://transfashionindonesia.com/wp-content/uploads/2023/11/Trans-Icon-Mall-Surabaya_01.jpg,"Trans Icon Mall Surabaya (disingkat TIM/TIMS) adalah pusat perbelanjaan yang terletak di superblok The Trans Icon. Mal ini terdiri dari 4 lantai. Di mall ini terdapat wahana bermain salju Trans Snow World yang terletak di lantai 4. Selain itu, mal ini ditempati oleh berbagai penyewa antara lain Metro Department Store, Transmart, Cinema XXI, Oh! Some, dan masih banyak lagi. Trans Icon Mall Surabaya merupakan family mall yang berkonsep untuk menyediakan seluruh keperluan keluarga dalam satu tempat."
Museum Loka Jala Crana,non_kuliner,-7.227185,112.718997,"Akademi TNI Angkatan Laut, Jl. Moro Krembangan, Bumimoro, Kec. Krembangan, Surabaya, Jawa Timur 60178",https://lapispahlawan.co.id/uploads/6/2023-11/museum_loka_jala_crana.jpg,"Museum TNI AL Loka Jala Crana (sebelumnya bernama Museum Akabri Laut) berdiri pada tanggal 19 September 1969. Pada tanggal 10 Juli 1973, Museum Akabri Laut berubah nama menjadi Museum TNI Angkatan Laut. Dan akhirnya pada 6 Oktober 1979 menjadi Museum Loka Jala Crana. Loka Jala Crana berarti tempat untuk menyimpan, mengabadikan dan menyajikan peralatan atau sarana yang dipergunakan oleh TNI Angkatan Laut. Di area Museum Loka Jala Crana juga terdapat Planetarium yang semula difungsikan sebagai sarana pembelajaran ilmu astronomi bagi Taruna Angkatan Laut. Namun seiring berjalannya waktu Planetarium dibuka untuk umum sejak tahun 1973 hingga sekarang. Gedung Planetarium ini merupakan salah satu bangunan Cagar Budaya."
Kampung Hijau Jambangan,non_kuliner,-7.323424,112.715288,"MPXR+J4H, Jalan, Jagir, Wonokromo, Surabaya, East Java 60244",https://lh6.googleusercontent.com/bWlbZWAjGr_XJqV9BDSbYyWOond_CJotd6B1OW3vO8i2x4lsG_QNgu8S4P8F72HEXt1M-Z5zuUXdKlBzthKLqmTRRa2uU83FyV2uYWexOeG8tUth0XTWiaPA6YPOS4bOx86jTgBrniZ0,"Kampung Hijau Jambangan mempunyai keunikan. Seperti nama Jambangan yang berarti tempat bunga atau pot, filosofi ini sesuai dengan kondisi tempat tersebut yakni indah dan menarik. Di kampung ini wisatawan berkesempatan melihat berbagai kegiatan warga seperti pengolahan sampah, diawali dengan pemisahan sampah organik dan nonorganik. Sampah organik diolah menjadi kompos, sedangkan non-organik berupa plastik diolah kembali menjadi tas, pot bunga, payung, jaket dan souvenir. Warga memiliki 3 komposter, dapat menampung sampah sekitar 200-300 KK. Tak hanya limbah oraganik dan non-organik yang dikelola namun juga limbah air melalui permurnian"
Museum Nahdlatul Ulama,non_kuliner,-7.33831,112.7237836,"Jl. Gayungsari Bar. X No.11, Menanggal, Kec. Gayungan, Surabaya, Jawa Timur 60234","https://i1.wp.com/inisurabaya.com/wp-content/uploads/2019/06/museum-NU.jpg?resize=768,472","Museum Nahdlatul Ulama (NU) di Surabaya, yang diresmikan oleh K.H. Abdurrahman Wahid pada tahun 2004 dan berlokasi strategis dekat Masjid Nasional Al-Akbar, merupakan etalase sejarah penting yang mendokumentasikan perjalanan organisasi Islam terbesar di Indonesia serta peran sentral ulama dalam perjuangan bangsa. Museum ini memiliki koleksi yang terbagi dalam dua lantai, di mana lantai dasar menyajikan Galeri Walisongo yang mengulas penyebaran Islam Nusantara dan potret para pendiri NU, sementara lantai atas memamerkan berbagai artefak bersejarah, dokumen, dan benda peninggalan penting seperti tongkat K.H. Abdul Wahab Chasbullah, menjadikannya destinasi edukatif yang kaya akan nilai kebangsaan dan spiritual."
Supermal Pakuwon Indah dan Pakuwon Trade Center (PTC),mall,-7.293435,112.698945,"Jl. Raya Lontar No.2, Babatan, Kec. Wiyung, Surabaya, Jawa Timur 60123",https://cdn1-production-images-kly.akamaized.net/DMVg4nMRaaBLN7mjatOY940W4b4=/1200x675/smart/filters:quality(75):strip_icc():format(jpeg)/kly-media-production/medias/3032175/original/066925200_1579929835-PKW-MallCom-02PM-Gallery01.jpg,"Sebagai salah satu pusat perbelanjaan dan hiburan di kawasan terpadat di Surabaya, Pakuwon Mall awalnya bernama Supermal Pakuwon Indah dan berdiri pada tahun 2003 di atas lahan seluas 30 Ha. Pakuwon Mall menyediakan one stop place yang menawarkan kehidupan modern termasuk pusat perbelanjaan, berbagai pilihan tempat makan, dan hiburan untuk keluarga."
Masjid Nasional Al Akbar,non_kuliner,-7.3366141,112.7151806,"Jl. Masjid Al-AkbarTimur No.1, Pagesangan, Kec. Jambangan, Surabaya, Jawa Timur 60233",https://asset.kompas.com/crops/7FThLNHA3e2mKaybRH3z6uAJKa8=/1x0:982x654/750x500/data/photo/2023/03/28/642249338df4c.jpg,"Masjid Al Akbar Surabaya (MAS) menjadi salah satu potret sosok masjid yang menjadi pilar aktivitas sosial. Masjid itu menjadi masjid terbesar di Indonesia, yang mendampingi sekaligus melengkapi masjid yang dimiliki Indonesia sebelumnya, Masjid Istiqlal Jakarta. Masjid Al Akbar berdiri di atas lahan seluas 11.2 hektar dan mulai dibangun pada 4 Agustus 1995-ditandai peletakan batu pertama oleh wakil presiden Try Sutrisno. Pada 20 November 2000 masjid itu diresmikan Presiden KH Abdurrahman Wahid dan mampu menampung 30.000 jama’ah. Pemilihan 10 November sebagai hari peresmian karena merupakan identitas hari jadi Kota Surabaya sekaligus Hari Pahlawan."
Monumen Jalesveva Jayamahe,non_kuliner,-7.195475,112.739521,"Armada Timur Ujung, Ujung, Kec. Semampir, Surabaya, Jawa Timur 60155",https://lapispahlawan.co.id/uploads/2/2021-08/museum-jalasveva-jayamahe-surabaya.jpg,"Monumen Jalasveva Jayamahe (MONJAYA) berarti “di lautan kita jaya” diresmikan pada tahun 1995. Monumen ini menggambarkan sosok Perwira TNI AL berbusana Pakaian Dinas Upacara (PDU) lengkap dengan pedang kehormatan yang sedang menatap ke arah laut, siap menantang gelombang dan badai di lautan. Hal ini merepresentasikan Angkatan Laut Indonesia siap Berjaya. Patung setinggi 30,6m ini berdiri di atas bangunan museum."
Surabaya North Quay,non_kuliner,-7.19709,112.732303,Terminal Penumpang Gapura Surya Nusantara Lt. 3,https://assets.pikiran-rakyat.com/crop/0x0:0x0/720x0/webp/photo/2025/02/26/2345226471.jpg,"Berada di lantai 3 area pelabuhan Pelindo 3 Surabaya North Quay (SNQ) beroperasi sejak tahun 2016. SNQ menyuguhkan wisata bertema maritim. Keindahan sunset juga bisa dinikmati dari sini dengan suguhan pemandangan Selat Madura, Jembatan Suramadu, serta aktivitas lalu – lalang kapal di pelabuhan Tanjung Perak. Selain itu, pengunjung juga bisa berwisata kuliner, membeli oleh-oleh serta menikmati sunset di fasilitas Teras Tepi Laut dengan membayar Rp 50.000 untuk ditukar dengan voucher makanan / minuman."
Bukit Darmo Golf,play,-7.289185,112.685052,"Jl. Bukit Darmo Golf No.2 BLOK G, Pradahkalikendal, Kec. Dukuhpakis, Surabaya, Jawa Timur 60226",https://tugujatim.id/wp-content/uploads/2025/01/bukit_darmo_golf-1140x570.jpg,"Bukit Darmo Golf (BDG) adalah lapangan golf kejuaraan 18 hole (Par 72) yang berlokasi strategis di Surabaya Barat, didesain oleh arsitek golf ternama Jack Nicklaus II. Lapangan ini menawarkan tantangan yang menarik bagi semua level pemain berkat desainnya yang variatif, didominasi oleh fairway lebar dan green yang dijaga oleh danau serta bunker. BDG menyediakan fasilitas lengkap berstandar internasional, termasuk Aquatic Driving Range dengan 80 bay yang menghadap ke danau buatan dan sekolah golf profesional. Selain itu, Club House bergaya Mediterania dilengkapi dengan restoran dan Golfer Terrace yang menyajikan hidangan lokal hingga internasional dengan pemandangan lapangan hijau, menjadikannya destinasi sempurna untuk olahraga sekaligus relaksasi."
Golf Graha Family,play,-7.29576,112.6855985,"Jl. Raya Golf Graha Famili, Pradahkalikendal, Kec. Dukuhpakis, Surabaya, Jawa Timur 60277",https://www.golfgraha.com/assets/img/about3.jpg,"Golf Graha Family berstandar internasional dengan lokasi yang sangat strategis yaitu berada dekat dengan kompleks perumahan dan pusat perbelanjaan. Dibangun pada tahun 1995, Golf Graha Family memiliki 18 hole dengan par 72 dan panjang 6.210 meter didukung oleh deretan pohon palem, sungai, danau, kontur lahan berbukit dan berlembah, bunker beragam ukuran, dan beberapa jembatan serta pemandangan yang asri."
Taman Hutan Raya Balasklumprik,non_kuliner,-7.329665,112.689062,"Jl. Balas Klumprik, Balas Klumprik, Kec. Wiyung, Surabaya, Jawa Timur 60222","https://blue.kumparan.com/image/upload/fl_progressive,fl_lossy,c_fill,f_auto,q_auto:best,w_640/v1572513260/povcttjlbge5gy4slqof.jpg","Taman Hutan Raya Balas Klumprik merupakan area publik yang bisa digunakan untuk berjalan-jalan ataupun melepas penat setelah bekerja. Hutan Kota Balas Klumprik memiliki area seluas 4,3 hektare yang terdiri dari area perkemahan, perairan, hingga area taman."
Supermall Surabaya Convention Center (SSCC),mall,-7.289835,112.673583,"Level 1, Pakuwon Trade Centre, Jl. Mayjend. Jonosewojo No.2, Babatan, Kec. Wiyung, Surabaya, Jawa Timur 60227",http://ttgmice.2017.ttgasia.com/wp-content/uploads/sites/3/2025/01/Dyandra_Convention_Center_Surabaya_MG_6901_640.jpg,"Supermall Surabaya Convention Center (SSCC) adalah salah satu convention center terbesar di Surabaya dan cocok untuk berbagai acara, seperti pameran, konser, hingga perkumpulan. Supermall Surabaya Convention Center (SSCC) sangat luas dan nyaman dengan kapasitas 5.000 orang."
Taman Hutan Raya Lempung,non_kuliner,-7.265007,112.670936,"PMMF+X6X, Lontar, Sambikerep, Surabaya, East Java 60186",https://tunashijau.id/wp-content/uploads/2021/06/tahuralempung1.jpg,"Tahura Lempung memiliki luas sekitar 1,9 hektar ini diharapkan menjadi tempat pelestarian alam, tumbuhan dan ternak. Selain dibangun mini boezem, di lokasi ini juga ditanami berbagai jenis tanaman toga serta produktif"
Makam Sawunggaling,non_kuliner,-7.30324,112.670455,"Jl. Lidah Wetan Tengah No.27, Lidah Wetan, Kec. Lakarsantri, Surabaya, Jawa Timur 60213",https://static.promediateknologi.id/crop/0x0:0x0/0x0/webp/photo/sapanusa/2023/10/IMG_20231003_134318.jpg,"Makam Raden Sawunggaling, yang juga dikenal sebagai Joko Berek, adalah situs ziarah dan cagar budaya di Lidah Wetan, Lakarsantri, Surabaya Barat. Sosok legendaris ini adalah seorang Adipati Surabaya yang terkenal gigih melawan penjajahan VOC Belanda serta berjasa sebagai pembuka lahan di Surabaya bagian barat. Makam yang ditemukan pada tahun 1901 ini telah ditetapkan sebagai Cagar Budaya Kota Surabaya dan rutin dikunjungi peziarah, menjadikannya destinasi yang penting untuk mempelajari sejarah perjuangan dan spiritualitas lokal."
Pakuwon Golf & Family Club,"play, mall",-7.293259,112.665442,"Jl. Pakuwon Indah Lontar Barat, Lidah Wetan, Kec. Lakarsantri, Surabaya, Jawa Timur 60213",https://encrypted-tbn0.gstatic.com/images?q=tbn:ANd9GcTOpheYHGgqnjbD3uEyny1KtZkbSPOBlYE5wQ&s,"Pakuwon Golf & Family Club adalah kompleks olahraga dan gaya hidup bergengsi di Surabaya Barat yang terintegrasi dengan area perbelanjaan. Klub ini memiliki lapangan golf 18 hole yang dirancang oleh Thomson & Wolfrige, dengan konsep unik ""African Lost City"". Daya tarik utamanya adalah sebagai satu-satunya lapangan di Surabaya yang menyediakan fasilitas bermain golf malam. Selain itu, klub ini menawarkan fasilitas lengkap untuk keluarga, termasuk area latihan driving range, kolam renang, dan Club House yang juga menaungi ballroom besar untuk berbagai acara."
Wethan Wonderland Village,non_kuliner,-7.2523702,112.6600907,"PMR7+847, Gg. IV K, Banjar Sugihan, Kec. Tandes, Surabaya, Jawa Timur 60185",https://surabayaasik.com/wp-content/uploads/2025/07/Wethan-Wonderland-Surabaya-Destinasi-Impian-di-Tengah-Kota-Pahlawan-Foto-wethanwonderland.com_.jpg,"Wethan Wonderland adalah destinasi wisata kampung tematik yang terletak di RW 01, Kelurahan Banjarsugihan, Surabaya. Tempat ini unik karena menghadirkan enam kampung dengan konsep akulturasi budaya lokal dan mancanegara, seperti Kampung Jawara (Jawa-Eropa) dan Kampung Jelita (Jepang-Bali). Pengunjung dapat menikmati berbagai zona tematik, berfoto di spot unik, dan mencicipi kuliner lokal. Wethan Wonderland merupakan destinasi berbasis komunitas yang berfokus pada pemberdayaan UMKM dan menawarkan pengalaman wisata yang kreatif dan terjangkau."
Taman Hutan Raya Jeruk,non_kuliner,-7.30512,112.647348,"Jalan Raya Menganti, Jeruk No. 277, Kecamatan Lakarsantri, Surabaya",https://blog.agendakota.id/wp-content/uploads/2025/08/e19bbdcc-100c-432c-b856-b14e018048fe.jpg,"Taman Hutan Raya Jeruk lebih dikenal sebagai Bukit Teletubies. Karena memiliki nuansa seperti bukit Teletubies yang berwarna hijau yang luas dan sejuk. Ada Gazebo, sport area, sangkar burung yang besar bahkan kolam ikan pun ada di sini."
Orasis Art Space,non_kuliner,-7.2833672,112.6434948,"Jl. Bukit Golf No.B2-25, Sambikerep, Kec. Sambikerep, Surabaya, Jawa Timur 60219",https://orasis.art/wp-content/uploads/2023/10/IMG_0999-1-1024x682.jpg,"Orasis Art Space adalah galeri seni berkonsep modern yang berada di Surabaya Barat. Berbagai instalasi seni dipamerkan disini. Selain melihat karya seni yang beragam, disini pengunjung juga bisa menikmati fasilitas lainnya seperti bersantai di cafe yang ada di dalam galeri, workshop hingga jamming. Berbagai event pameran seni rupa, bedah buku kesenian, talkshow kesenian, dll sering diadakan di galeri ini."
Taman Anggrek Sememi,non_kuliner,-7.248209,112.645412,"QJ2W+P57, Jl. sememi Jaya Utara Gg. II, Sememi, Kec. Benowo, Surabaya, Jawa Timur 60198",https://assets.promediateknologi.id/crop/0x0:0x0/0x0/webp/photo/radarsurabaya/2022/10/web-sememi.jpg,"Selain unik karena dibangun pada kawasan bekas eks lokalisasi, Taman Anggrek Sememi juga dianggap mampu membuat udara sekitar menjadi lebih sejuk dan berkualitas. Selain bunga anggrek, objek wisata Surabaya ini ternyata juga memiliki budidaya jamur di dalamnya. Tidak hanya budidaya, destinasi ini juga mengajarkan cara pengolahan jamur kepada wisatawan yang datang. Jadi tempat ini juga sangat cocok untuk Anda kunjungi dengan anak sebagai wisata edukasi. Objek wisata yang masih baru ini juga cukup menarik perhatian pengunjung karena tempatnya yang menarik dengan berbagai spot yang instagenik. Jadi bagi Anda yang gemar untuk berswafoto"
Romokalisari Adventure Land,non_kuliner,-7.1988979,112.664812,"RM27+9XQ, Jl. Romokalisari I, Romokalisari, Kec. Benowo, Surabaya, Jawa Timur 60192",https://cdn.antaranews.com/cache/1200x800/2022/09/26/eri-dan-romokalisasi-land.jpg,Sentra Ikan Romokalisari (SIR) diresmikan Wali Kota Surabaya Tri Rismaharini (sekarang menteri sosial) pada 10 Desember 2020. Terdapat sebuah pulau di dekat SIR ini yaitu gugusan Pulau Galang yang menjadi menu utama wisata perahu di Sentra Ikan Romokalisari.
Ciputra Golf & Family Club,"play, mall",-7.292831,112.634417,"Jl. Citra Raya Utama, Lakarsantri, Kec. Lakarsantri, Surabaya, Jawa Timur 60219",https://cdn.golflux.com/wp-content/uploads/2017/04/Ciputra-Golf-Club-Hotel-Surabaya.jpg,"Ciputra Golf & Family Club adalah kompleks olahraga dan rekreasi mewah yang berlokasi di dalam perumahan CitraLand, Surabaya Barat. Klub ini merupakan yang terbesar dan terpopuler di Jawa Timur, menawarkan lapangan golf 27 hole seluas lebih dari 100 hektar yang dirancang untuk turnamen regional hingga internasional. Lapangan golfnya terbagi menjadi tiga nuansa berbeda: Valley, Lake, dan Hill, memanfaatkan topografi perbukitan alami. Selain golf, fasilitas di sana sangat lengkap, termasuk aquatic driving range, Ciputra Golf Club & Hotel bintang 4, spa, fitness center, kolam renang, lapangan tenis, serta Wedding Chapel yang elegan dengan pemandangan lapangan golf."
Stadion Gelora Bung Tomo (GBT),non_kuliner,-7.222961688,112.6227241,"QJGF+P47, Benowo, Pakal, Surabaya, East Java 60196",https://www.datra.id/uploads/cache/projects/whatsapp-image-2020-12-08-at-114922-am-1-3-535x453.jpeg,"Stadion Gelora Bung Tomo adalah sebuah stadion serbaguna di Surabaya, Stadion ini dibuka pada 6 Agustus 2010. Keseluruhan komplek olahraga sedang dibangun. Stadion ini menggantikan Stadion Gelora 10 November. Stadion Gelora Bung Tomo dapat menampung 55.000 penonton. Pengunjung bisa menikmati pertandingan sepak bola level lokal hingga nasional."
Taman Hutan Raya Pakal,non_kuliner,-7.234979151,112.620798,"QJ7C+W82, Pakal, Surabaya, East Java 60196",https://asset.kompas.com/crops/o5pVbsStYCcbNcsiqsbK6laMA7E=/0x0:0x0/750x500/data/photo/2023/01/29/63d62f5c0cac7.jpg,"Taman Hutan Raya Pakal, yang juga dikenal sebagai Hutan Kota Pakal, adalah ruang terbuka hijau seluas 6,85 hektar di Surabaya Barat, berfungsi sebagai ""paru-paru kota"" dan destinasi wisata yang menawarkan suasana sejuk dan asri. Hutan ini ditanami puluhan jenis pohon seperti Cemara Udang dan Trembesi, serta dilengkapi dengan danau buatan, tambak ikan untuk budidaya dan memancing, kebun pertanian warga, dan wahana Offroad Adventure baru di Hutan Cemara. Tempat ini populer untuk piknik keluarga dan relaksasi, dengan fasilitas pendukung seperti area bermain anak dan gazebo untuk bersantai."
Tanoshi Sushi,makanan_berat,"-7,28940168","112,7834313","Jl. Arief Rahman Hakim No.131, Keputih, Kec. Sukolilo, Surabaya, Jawa Timur 60117",https://img.antaranews.com/cache/1200x800/2021/07/20/SWK-surabaya_1.jpeg.webp,"Tanoshi Sushi adalah tempat makan sushi terjangkau di sentra kuliner Jalan Arief Rahman Hakim, Surabaya. Nama ""Tanoshi"" dalam bahasa Jepang bermakna menyenangkan atau gembira, mencerminkan harapan agar pengunjung menikmati hidangan Jepang dalam suasana yang santai dan menggembirakan. Tempat ini populer bagi mahasiswa dan warga sekitar karena praktis dan mudah diakses."
Waroeng Soerabi Bandoeng Surabaya,makanan_ringan,"-7,264279454","112,7955793","Jl. Raya Mulyosari No.164, Kalisari, Kec. Mulyorejo, Surabaya, Jawa Timur 60113",https://beritajatim.com/wp-content/uploads/2022/01/1-14.jpg,"Waroeng Soerabi Bandoeng merupakan tempat makan spesialis surabi dengan berbagai pilihan rasa manis dan asin. Tempat ini berlokasi di Jl. Raya Mulyosari No.164, Kalisari, Kec. Mulyorejo, Surabaya."
Yasmine Kitchen,makanan_ringan,"-7,2977212","112,7997709","Jl. Keputih Tegal VII No.29, Keputih, Kec. Sukolilo, Surabaya, Jawa Timur 60111, Indonesia",https://lembaga.halal.go.id/photo/produk/1709230-foto-PastelYasmineKitchen.jpg,Halal Daily Home Catering
"UD Syafrida Snack, PO",makanan_ringan,"-7,2823585","112,7649261",Manyar Sabrangan No. 79 RT.004 RW.002,https://lembaga.halal.go.id/photo/produk/1670774-foto-BaksoIkan.png,"SYAFRIDA berdiri pada tahun 1984 di Surabaya, adalah salah satu home industri. Dengan beberapa tahun pengalaman di bidang industri makanan, bercita rasa tinggi dan harga yang terjangkau adalah pertimbangan utama kami.  Produk SYAFRIDA telah di distribusikan di seluruh INDONESIA dan juga beberapa Negara Asia. Menjadikan SYAFRIDA penambah selera dan teman setia anda."
POIN STEAK,makanan_berat,"-7,2720872","112,7587061","Airlangga Food Point Kampus B Universitas Airlangga, Jl. Airlangga No. 4-6, Airlangga, Kec. Gubeng",https://instagram.fsub32-2.fna.fbcdn.net/v/t51.29350-15/330506891_1370446237092711_7246174760032389028_n.webp?stp=dst-jpg_e35_tt6&efg=eyJ2ZW5jb2RlX3RhZyI6IkZFRUQuaW1hZ2VfdXJsZ2VuLjEwODB4MTA4MC5zZHIuZjI5MzUwLmRlZmF1bHRfaW1hZ2UuYzIifQ&_nc_ht=instagram.fsub32-2.fna.fbcdn.net&_nc_cat=103&_nc_oc=Q6cZ2QEU9DINAA1hngaKWCZzWxKR1L-YN2VehsWOPqtrrg-Vmx7SV2WUSDc1uMZOyJhkwlY&_nc_ohc=UDFUtxCkPoAQ7kNvwEgcwzY&_nc_gid=2oq0TkdnaP9IyvyxUINASA&edm=AP4sbd4BAAAA&ccb=7-5&ig_cache_key=MzAzODA1OTg5MDgxMjQ1Mjk2MA%3D%3D.3-ccb7-5&oh=00_AfefT9u12iXlcjo7oSUo9RXK6IvMFGw4RrbUG4bT1Cu4fQ&oe=6908DDF9&_nc_sid=7a9f4b,"Tempat makan yang menjual steak dan hidangan western lainnya, dengan dua cabang di UNAIR: satu di Kampus B dan satu lagi di Kampus C"
Sang Mboizz,makanan_ringan,"-7,2751227","112,75597","Jl. Dharmawangsa Kel No.118, Airlangga, Kec. Gubeng, Surabaya, Jawa Timur 60286, Indonesia",https://lembaga.halal.go.id/photo/produk/231828-foto-PisangCrispyCoklat.jpeg,"Sang Mboizz, Dharmawangsa merupakan sebuah tempat makan yang berada di Surabaya. Rumah makan ini menyajikan berbagai menu jajanan yang dibanderol dengan harga yang murah dan bersahabat dengan kantong Anda. Jika Anda mencari daftar harga menu Sang Mboizz, Dharmawangsa, Anda berada di tempat yang tepat. Di bawah ini akan dibahas secara lengkap menu apa saja yang dijual oleh Sang Mboizz, Dharmawangsa beserta harganya."
Pisang Meler Airlangga 2,makanan_ringan,"-7,272311","112,7561819","Jl. Dharmawangsa No.74, Airlangga, Kec. Gubeng, Surabaya, Jawa Timur 60286, Indonesia",https://lembaga.halal.go.id/photo/produk/2062141-foto-PisangKeju.jpg,Pisang Meler Airlangga 2 merupakan stand makanan berupa pisang goreng dengan menawarkan beberapa rasa.
Kenz Pizza,makanan_berat,"-7,303441","112,753202","Jl. Bratang Gede VI H No.126, Ngagelrejo, Kec. Wonokromo, Surabaya, Jawa Timur 60245, Indonesia",https://lembaga.halal.go.id/photo/produk/1820568-foto-PizzaManis.jpeg,"KENZ PIZZA itu semacam roti pizza, jadi tekstur rotinya agak manis, tetap empuk biar sudah dingin."
Urban Wagyu - Mayjend Yono Soewoyo,makanan_berat,"-7,2784147","112,6883573","Jl. Mayjen Yono Suwoyo No.17, Pradahkalikendal, Kec. Dukuhpakis, Surabaya, Jawa Timur 60226",https://lh3.googleusercontent.com/gps-cs-s/AG0ilSwRNqgbwDsWncPbjAnJjmJV0ozDu6JQmZR2MlW1cFJaUt8OMvCGtyJ-OAj4nOEBFePJnKCnyHnbdg-HNSEjd-4OZSSUQfiDu9JXCtCZi0l76F4QzvmasL5QUGjtQ4JzKqj_bJys=w289-h312-n-k-no,"
Restoran steak rantai kecil yang modern & trendi dengan teras, menyajikan daging sapi Wagyu & potongan daging pilihan lainnya."
Siomay AMA,makanan_ringan,-7.259327232,112.7237825,"Jl. Penanggungan No.43, RT.003/RW.05, Petemon, Kec. Sawahan, Surabaya, Jawa Timur 60252, Indonesia",https://lembaga.halal.go.id/photo/produk/884815-foto-SiomayAMA.jpg,Siomay AMA merupakan siomay yang terbuat dari 100% ayam segar berkualitas dan kacang tanah berkualitas.
Warung Rujak / Gado - gado,makanan_berat,-7.252076968,112.638216,"Jl. Uka I, Sememi, Kec. Benowo, Surabaya, Jawa Timur 60198, Indonesia",https://lembaga.halal.go.id/photo/produk/1977576-foto-RujakCingur.jpeg,"Warung rujak dan gado-gado di kawasan Benowo, Surabaya, menawarkan suasana kuliner tradisional pinggiran kota yang sederhana namun autentik."
Penyetan Si Embin,makanan_berat,-7.267850244,112.6959536,"Jl. Sukomanunggal V No.56, Sukomanunggal, Kec. Sukomanunggal, Surabaya, Jawa Timur 60188, Indonesia",https://lembaga.halal.go.id/photo/produk/3304417-foto-PenyetanTahuTempe.jpeg,"Restoran ini menjual berbagai macam jenis makanan/minuman seperti: Aneka ayam, Bebek, makanan cepat saji, dan sebagainya dengan harga terjangkau."
Warung Cak Pur,makanan_berat,-7.336595986,112.729651,"Siwalankerto, Wonocolo, Surabaya, East Java, Indonesia",https://lh3.googleusercontent.com/gps-cs-s/AG0ilSzMaImocQpMQBzC2HaQ3u5TptNJDY5u4lEdHVyM7opVR-iVJ6syd5ZhntaiyUfNTKVzocPgIo3AvzZA5aL_G4a9RiLF6mX8nbNsOPhQerUYx46ktATJf2q2cUXO26dlGQkQv1YK=s1360-w1360-h1020-rw,"Restoran ini menjual berbagai macam jenis makanan/minuman seperti: Aneka Ayam, Bebek, Soto, Bakso, Sop, dan sebagainya"
Cak Har,makanan_berat,-7.294993757,112.7812725,"Jl. Dr. Ir. H. Soekarno No.220, Semolowaru, Kec. Sukolilo, Surabaya, Jawa Timur 60117, Indonesia",https://lembaga.halal.go.id/photo/produk/734660-foto-TemulawakCakHar.jpeg,Soto Ayam Lamongan Cak Har adalah rumah makan yang spesialis menjual soto ayam khas Lamongan dengan resep turun-temurun sejak 1992. Soto ini menggunakan taburan koya campuran kerupuk udang yang digiling halus sehingga memberikan tekstur renyah dan rasa gurih tambahan saat dimakan bersama kuah.
Rumah makan Sop Konro Perak,makanan_berat,-7.199658859,112.7334383,"Jl. Perak Timur No.564 Blok A-6, Perak Utara, Kec. Pabean Cantikan, Surabaya, Jawa Timur 60165",https://lh3.googleusercontent.com/p/AF1QipMkPFbJ0NqGCvHvNAOpBNwvPWrx4_eOJveZnEhD=w289-h312-n-k-no,"Hidangan daerah Indonesia termasuk iga bakar, ikan & sup ditawarkan di tempat yang nyaman dan sederhana ini."
Kebun bibit Wonorejo,non_kuliner,-7.312362735,112.7931708,"Kebun Bibit, Jl. Raya Wonorejo, Wonorejo, Rungkut, Surabaya, East Java 60296",https://lh3.googleusercontent.com/gps-cs-s/AG0ilSy_6hLIWTVyu9LrcVbjEc2-HMzjZu6qh2GOfjW4IzlMdwk8BaSJ4gX__KOL0crtTaqpKkHdwqjHr4EJ943hKDvvbogHdxU1aW1yLhOss6KioctpzWVlXVdnmiHqonTXVceXbP4w=w270-h312-n-k-no," Di tempat ini semua tanaman yang ada di kembangbiakkan lalu di sebar ke seantero sudut kota. Kebun bibit ini memiliki hawa yang sejuk dan segar. Taman ini gratis dan terbuka untuk umum. Ada banyak spot yang menarik di taman ini, yaitu : Danau besar yang terletak tepat di tengah-tengah taman dan merupakan spot paling menarik, wall climbing, kandang rusa dan unggas, jogging track, play ground untuk anak, beragam alat fitness outdoor, terapi batu, rumah kompos, tempat berkemah dan sentra wisata kuliner."
Bebek Sinjay Rungkut,makanan_berat,-7.323576856,112.7720130,"Jl. Rungkut Madya No.133, Rungkut Kidul, Kec. Rungkut, Surabaya, Jawa Timur 60293",https://lh3.googleusercontent.com/gps-cs-s/AG0ilSzxjDCdCUxDV_op_GFeqEyIT7nCRoDiaCPCYHSfA4Ep402sdHAJzgz7UjJ62OdpDi5Nhv83Hp1NFLmIUCsZV1jw_vEoIPTU1HvQW6d60dL414whe52y0Q5bGBEG6BQKqwG_WlB3=s1360-w1360-h1020-rw,"Bebek Sinjay Rungkut adalah salah satu cabang dari Bebek Sinjay yang terkenal, menyajikan hidangan bebek goreng/bakar dengan sambal pencit (mangga muda) yang khas dan pedas. "
Mr Sumo (All you can eat),makanan_berat,-7.313958119,112.7800612,"Jl. Dr. Ir. H. Soekarno No.483, Penjaringan Sari, Kec. Rungkut, Surabaya, Jawa Timur 60293",https://lh3.googleusercontent.com/gps-cs-s/AG0ilSwSjbXFNjpgG7a2S2axri_G1InY7eq-rjDk7EL71jqztSvPzH0-oCx9xVpjbThXnOdZFwANiEpMKkH8bw7OCC1zIRiCtUklMMEzSpfB7_CpKpB7oe-w3Exav5SGl-0MF6BpwGIEeA=s1360-w1360-h1020-rw,"Mr. Sumo adalah restoran All You Can Eat (AYCE) yang berfokus pada menu Japanese Grill & Shabu-Shabu. Dikenal dengan variasi daging premium dan hidangan pendamping yang lengkap, tempat ini cocok untuk makan besar bersama keluarga atau teman dengan durasi waktu yang ditentukan."
Steak Hotel by HOLYCOW! ,makanan_berat,-7.289842274,112.6747495,"Jl. Puncak Indah Lontar II No.2, Lontar, Kec. Wiyung, Surabaya, Jawa Timur 60227",https://lh3.googleusercontent.com/gps-cs-s/AG0ilSwxwb-a5Ik70NR2cg1C8ZHsWDEA73S9e2R5CRwL0103PExHZ-L_QyeQsJYDYVWPyuwV_imX4zoLsxv65CPITcDFiwfCfGpn3Pe4_xNNoA4UcDm7RtRf3jA7lEFrmosSFtzsH_l4pA=s1360-w1360-h1020-rw,"Steak Hotel by HOLYCOW! milik Wynda Mardio, hadir sejak 15 Maret 2010 sebagai Meat Expert yang menyajikan pengalaman makan steak asli halal terbaik bagi Carnivores, juga memiliki sertifikat Cleanliness, Health, Safety & Environment Sustainability (CHSE) dari Kementerian Pariwisata dan Industri Kreatif Indonesia. Holycow! hadir di Jakarta, Depok, Cibubur, Tangerang, Bandung, Semarang, Surabaya, Pekanbaru, dan Makassar."
Rawon Abah Pangat,makanan_berat,-7.255221556,112.7351434,"Jl. Raya Sedati Gede, Dabean, Pabean, Kec. Sedati, Kabupaten Sidoarjo, Jawa Timur 61253",https://lh3.googleusercontent.com/p/AF1QipOj9XqJlIaOr3ZL-UKKybkvsSoEMONZMg3OwQ0P=s1360-w1360-h1020-rw,"Rawon yang menggunakan resep turun-temurun sejak tahun 1960, menawarkan menu rawon dan krengsengan."
Dapoer Kecombrang Surabaya,makanan_berat,-7.308722492,112.7885634,"Jl. Wonorejo Timur, Wonorejo, Kec. Rungkut, Surabaya, Jawa Timur 60297",https://lh3.googleusercontent.com/p/AF1QipPPKT7PuyO-JsLoc0hYBBoOWHkTzx8PZJNaLzGQ=s1360-w1360-h1020-rw,Dapoer Kecombrang Surabaya merupakan dapur yang menyajikan menu makanan yang didominasi dengan bahan dasar kecombrang.
Nasi Pecel dan Penyetan Mas Sugik,makanan_berat,-7.274348,112.732789,"Jl. Kp. Malang Kulon I No.54, Wonorejo, Kec. Tegalsari, Surabaya, Jawa Timur 60263, Indonesia",https://lh3.googleusercontent.com/gps-cs-s/AG0ilSxTiPtPBb2d-h8kqPyZPaq7ezrYT3CKFh1WjEIAuec0wl5pOUok6CYLm2scbTlbzlpTO6Bxz0nvx_ySGDs3KZaicxq93tJFOYXnrAKjc9xl_vB1RRl5Q5LtJByDdZQCFRfm8VaLRA=s1360-w1360-h1020-rw,"Restoran ini menjual berbagai macam jenis makanan/minuman seperti : Aneka Ayam Bebek, Snacks Jajanan, Aneka Nasi yang cocok disantap dengan teman atau sahabat anda. Tempat makan ini menawarkan berbagai menu masakan yang enak dan lezat. Harganya pun masih bisa dijangkau oleh kantong anda."
Savira Es Teler Sultan,makanan_ringan,-7.221754,112.7635,"Jl. Keputih Tegal Timur No.43, Keputih, Kec. Sukolilo, Surabaya, Jawa Timur 60111",https://encrypted-tbn0.gstatic.com/images?q=tbn:ANd9GcQexsXBahbuBnOUwoZu_L72WeQWwoY5J25DgRYG_NlYgtyvFfKL6_X-YrPgOR2yNTSVAqY&usqp=CAU,"Savira Es Teler Sultan adalah tempat kuliner es teler yang populer dan terjangkau di Surabaya, dikenal karena rasa kuahnya yang kental dan creamy. Tempat ini sering disebut sebagai ""hidden gem"""
Warung Nabila,makanan_ringan,-7.316654,112.722865,Jl. Tambak Wedi Baru Gg5a No 9a,https://i.gojekapi.com/darkroom/gofood-indonesia/v2/images/uploads/38a45a4b-7d7d-485a-8549-cae380838bb5_Go-Biz_20211216_232643.jpeg?auto=format,"Warung Nabila menawarkan aneka menu ayam, bebek, dan nasi dengan harga terjangkau. "
Depot Murah Meriah ,makanan_berat,-7.274062,112.727389,"Jl. Pandegiling No.360, Wonorejo, Kec. Tegalsari, Surabaya, Jawa Timur 60172",https://lh3.googleusercontent.com/gps-cs-s/AG0ilSzAZ-_K2oyZR0o8L31hbnK5wFLTfyoWjqCF4BkYx_faqzisvGN4pw2yjY9EaWSkW1vJjzYJZLKwO5bbxBylW00HnzZHxKAF6jnHD1p2B_N25ntzeN_kyPk0SNjQXRskJOrVfjb98A=s1360-w1360-h1020,"Depot Murah Meriah terkenal karena porsinya banyak dengan harga terjangkau. Depot di Jalan Pandegiling, Wonorejo ini menjadi favorit warga lokal untuk makanan enak, murah, dan mengenyangkan."
Table Toast ,makanan_berat,-7.265946,112.796152,"Ruko Central Park, Jl. Raya Mulyosari AB 10, Lt 1, Kalisari, Kec. Mulyorejo, Surabaya, Jawa Timur 60112",https://i0.wp.com/madhang.com/wp-content/uploads/Cafe-Tabletoys-Boardgames-Surabaya.jpg?w=1080&ssl=1,"Tabletoast Mulyosari merupakan bagian dari Tabletoys Boardgames Library, Cafe, and Store di Surabaya, yang menawarkan pengalaman unik bermain board game sambil menikmati hidangan cepat saji Amerika seperti toast dan nasi ayam. "
Kampung Kecil Jemursari,makanan_berat,-7.317413,112.747653,"Jl. Raya Jemursari, RT.3/RW.6, Jemur Wonosari, Kec. Wonocolo, Surabaya, Jawa Timur",https://lh3.googleusercontent.com/gps-cs-s/AG0ilSxuJ5rA10lSknH4_G8H0szfVldteMidSJAqzPj9mr48kLi6fB6udxrWPO9r19pWaZD_bFKWejQwIGUookGg__Qe3XdobGece4LEfCvJl-rS1mKh4kRHjqNXUHbgk-APAYIVSjfNFDd3zOag=s1360-w1360-h1020,Kampung Kecil Jemursari adalah sebuah restoran keluarga yang menawarkan hidangan khas Nusantara dengan suasana pedesaan yang nyaman dan menenangkan.
Sate Asin Garuda,makanan_berat,-7.280941,112.746563,"No.77A1, Jl. Ngagel, Ngagel, Wonokromo, Surabaya",https://lh3.googleusercontent.com/p/AF1QipP_xBfEwjKXjp_ZnIv3PGEXuyZ8Jvt1WINI6WRR=w289-h312-n-k-no,"Sate asin pedas menawarkan ""cara baru"" menikmati sate dengan fokus pada rasa gurih, pedas, dan smokey, disajikan bersama sambal khas dan taburan koya."
Smesta Cafe,makanan_berat,-7.259099,112.783271,"Jl. Dr. Ir. H. Soekarno Jl. Merr Kalijudan No.168, Kalijudan, Kec. Mulyorejo, Surabaya, Jawa Timur 60114",https://blogger.googleusercontent.com/img/b/R29vZ2xl/AVvXsEhc8xDlkjqNTS9x0r2zVocAVFV_EdceC0KCNspCuAkMUoID03h5X4uneoZmaCUEuWgNPD7PWYlRfKLCE3d-geyfOoZxPINvgziZ0tRrAinml7hNegOO_DGSCnXpev-sEd239mxWK5G4Y_20OwE6o3v11aytuF64emY_iTjRgnaPVlxwudmWnhac0U-miw/s1080/333532617_442616731382425_553136408751012931_n.jpg,"Kafe ini memiliki area indoor dan outdoor yang nyaman, cocok untuk nongkrong atau bekerja, dengan suasana yang estetik."
Layar Seafood Manyar Kertoarjo,makanan_berat,-7.143136,112.766418,"Jl. Manyar Kertoarjo No.23 - 25, Mojo, Kec. Gubeng, Surabaya, Jawa Timur 60285",https://d2kihw5e8drjh5.cloudfront.net/eyJidWNrZXQiOiJ1dGEtaW1hZ2VzIiwia2V5IjoicGxhY2VfaW1nL3JFMU5tWm55U2xhLWpaT0JZdkstQVEiLCJlZGl0cyI6eyJyZXNpemUiOnsid2lkdGgiOjY0MCwiaGVpZ2h0Ijo2NDAsImZpdCI6Imluc2lkZSJ9LCJyb3RhdGUiOm51bGwsInRvRm9ybWF0IjogIndlYnAifX0=,"Restoran ini terkenal menyajikan hidangan laut segar dengan cita rasa Indonesia yang otentik, serta suasana tempat yang nyaman."
Burger Up Dharmahusada,makanan_ringan,-7.148586,112.793884,"Jl. Dharmahusada Indah Timur RR 22, Mulyorejo, Kec. Mulyorejo, Surabaya, Jawa Timur 60115",https://lh3.googleusercontent.com/p/AF1QipNYOCIS5TysB427vEM_LTcbbO_cu_ogbQnQRNJ3=w289-h312-n-k-no,"Burger Up dikenal dengan burger daging sapinya yang tebal dan juicy, serta pilihan menu lainnya seperti ayam goreng dan minuman kopi. "
Depot Terasa Nikmat,makanan_berat,-7.276346,112.755779,"Jl. Gubeng Kertajaya VII C No.22, Airlangga, Kec. Gubeng, Surabaya, Jawa Timur 60286",https://lh3.googleusercontent.com/p/AF1QipNenDIdVPnPykYg7_GSXAxNkvPgxgrOu477ogGq=s1360-w1360-h1020,"Tempat ini dikenal karena menyajikan hidangan yang lezat, harganya terjangkau, dan kini memiliki tempat yang lebih nyaman setelah mengalami renovasi atau perubahan wajah."
Es Kacang ijo Man Men,makanan_ringan,-7.266097,112.728481,"Jl. Arjuno No.154, 03, Sawahan, Kec. Sawahan, Surabaya, Jawa Timur 60251",https://www.gotravelly.com/blog/wp-content/uploads/2020/02/es-kacang-ijo-man-men-1024x1024.jpg,"Es Kacang Ijo Man Men adalah kuliner legendaris dan sangat populer di Surabaya, terkenal karena antreannya yang panjang dan rasanya yang lezat. "
Ibu Pertiwi Bakmitiam,makanan_berat,-7.326785,112.788231,"Jl. Medokan Asri Tim. IX No.26, Medokan Ayu, Kec. Rungkut, Surabaya, Jawa Timur 60295",https://lh3.googleusercontent.com/gps-cs-s/AG0ilSx2pzg4DCfdgixp6_WKMwJe3I2o0nVMLHUSwZybhJzkiCx-FUQ6HbUuY4lXf2dlHYZLG_c6sqpA_msrqgMsUvz-9KXn5s3KtTGVQl30qYTSneCJzhC65jH9cGPJ74CE_5albnAiog=s1360-w1360-h1020-rw,"Ibu Pertiwi Bakmitiam menawarkan pengalaman kuliner mie otentik dengan resep rumahan yang legendaris. Tempat ini dikenal dengan menu bakmi ayam klasik dan bakso gorengnya yang renyah. Suasana yang disajikan adalah perpaduan tradisional Jawa dengan sentuhan modern yang nyaman, menjadikannya pilihan sempurna untuk makan bersama keluarga atau teman."
Tahu Telor Pak Jayen Pusat,makanan_berat,-7.268097,112.774744,"Blok C No.2, Jl. Dharmahusada Indah I, Mulyorejo, Kec. Mulyorejo, Surabaya, Jawa Timur 60115",https://lh3.googleusercontent.com/gps-cs-s/AG0ilSwXVqH0nWtm2sPv5d5DqmVDkJcq0pkyyD6_kVIs9nI2fAvqks72VNoNkB1InbXcfMhRRNEQsLB_clYeMb-UGu1j5MF60eBWtuU0axhA2UkOXQK6gl1pUH5JRhEl50kmVamW583k=s1360-w1360-h1020-rw,"Tahu Telor Pak Jayen Pusat merupakan salah satu kuliner legendaris Surabaya yang wajib dicoba. Menyajikan Tahu Telor dengan ciri khas bumbu kacang petis yang kental dan cita rasa yang kuat, disajikan hangat dengan taburan kerupuk. Meskipun tempatnya sederhana, warung ini selalu ramai pengunjung, menjadi destinasi utama bagi penggemar kuliner malam dan rasa otentik Tahu Telor khas Jawa Timur."
Arung Senja,makanan_ringan,-7.320337,112.721903,"Blok AD No, Ketintang Selatan IX No.1, Karah, Kec. Jambangan, Surabaya, Jawa Timur 60232",https://subculinary.wordpress.com/wp-content/uploads/2016/07/2016-08-01-08-54-33-1.jpg,"Tempat ini menawarkan pemandangan senja yang menawan khas kota Surabaya, seringkali dilengkapi dengan pertunjukan musik akustik atau live music. Kafe ini juga menyediakan beragam pilihan kopi, minuman non-kopi, dan makanan ringan."
Warung Taburai - Mulyosari,makanan_berat,-7.264420074,112.7959913,"Jl. Raya Mulyosari No.101, Kalisari, Kec. Mulyorejo, Surabaya, Jawa Timur 60112",https://lh3.googleusercontent.com/gps-cs-s/AG0ilSzAIcoxfxJXnXp-ZBsc-Tsvffw2Q2hkK2wjrlWA2kVXtxdbBmg1cYiExPyDpqVW6lPpf7bZ2xz0dqqACfXRYTfLcSe-uspz6SgvILxFdifPJBNJq9xpvJJEFmywX3BRpy3ujgfriQHNaxSM=s1360-w1360-h1020-rw,"Warung Taburai Surabaya menawarkan pengalaman kuliner khas Nusantara dengan menu andalan seperti rawon, soto daging, dan aneka penyetan yang disajikan dengan sambal pedas khas Jawa Timur. Tempat ini populer di kalangan warga lokal dan wisatawan karena harga yang terjangkau dan suasana yang nyaman."
Ayam Bakar Wong Solo Rungkut Madya,makanan_berat,-7.331050693,112.77323,"Jl. Rungkut Madya No.23, Rungkut Kidul, Kec. Rungkut, Surabaya, Jawa Timur 60293",https://i.ytimg.com/vi/qhad52oubSE/hq720.jpg?sqp=-oaymwEhCK4FEIIDSFryq4qpAxMIARUAAAAAGAElAADIQj0AgKJD&rs=AOn4CLCej2bUs1FpTEKLqJNMrMHdWJhyhQ,Ayam Bakar Wong Solo Rungkut Madya dikenal dengan ciri khas ayam bakar khas Solo bagi pengunjung yang merasakannya.
Pusat Oleh Oleh Khas Surabaya,oleh_oleh,-7.267355995,112.7700856,"Jl. Dharmahusada No.144, Mojo, Kec. Gubeng, Surabaya, Jawa Timur 60285",https://lh3.googleusercontent.com/gps-cs-s/AG0ilSxbiKrRyFQwT0C64dH15zh7fxenace5emPqlXr1AhTCD_rtm8Kb-qvFJfC9XjLxyPwcfRprq9LYY8CQUQQBlhfoAtaP_5Y9Q4IQFk0kOWb9kfkzGQaJXNVjE5HuAsnuSLsLr_l0xQ=s1360-w1360-h1020-rw,Pusat Oleh Oleh Khas Surabaya menyediakan berbagai oleh-oleh legendaris di Surabaya dalam bentuk kemasan.
Panen Raya,oleh_oleh,-7.304872273,112.7618102,"Jl. Raya Nginden No.88 B, Baratajaya, Kec. Gubeng, Surabaya, Jawa Timur 60284",https://lh3.googleusercontent.com/gps-cs-s/AG0ilSxWfCB9jxB1KIjEiwBBFc_GcBfxIkZ5TAEQ0i26eym-AJn2CnNz2VXCaWClb3U9agLCe4Lj249DFm7qWAKFE8kNFKdMqr7pARtyQVLNH0YqgZuJ5q8eJ6MAVbBBZY-PIIFcvHqAkg=s1360-w1360-h1020-rw,"Panen Raya adalah pusat oleh-oleh yang menyediakan berbagai produk khas daerah. Tempat ini dikenal menjadi salah satu pilihan untuk berburu jajanan, kue, dan makanan ringan dari Surabaya dan sekitarnya."
Toko Oleh Oleh Panen Raya,oleh_oleh,-7.258628934,112.7396334,"Jl. Genteng Besar No.77 A, Genteng, Kec. Genteng, Surabaya, Jawa Timur 60275",https://lh3.googleusercontent.com/gps-cs-s/AG0ilSyYyTheI8Fqt_BatCQvSA5b8WymVO1vz7LA89FL9AL-ua4BUfLF7SS-l7MFpRvKeRzy1bLN5rbrPRJXDjM8uC6-B_rPToPMWb0HJYshOfYn8VTP8ABguKme6QLPRadWz4uxOaJ53w=s1360-w1360-h1020-rw,"Toko Oleh Oleh Panen Raya, yang berlokasi di daerah Genteng Besar, merupakan salah satu gerai oleh-oleh yang menawarkan variasi produk khas Surabaya. Lokasinya di pusat kota menjadikannya mudah dijangkau oleh wisatawan."
Pusat Oleh-oleh Surabaya By.delyla catering,oleh_oleh,-7.258389028,112.739263,"Jl. Genteng Besar No.65-C, Genteng, Kec. Genteng, Surabaya, Jawa Timur 60275",https://lh3.googleusercontent.com/gps-cs-s/AG0ilSzRgEcoyEbbZLpYRH5SgbklTCr1N50CvXsV04E7BsPmVHoQOHB9qJLCMUZXp_DETilZtELegZk3Ui1BSMwlbXGAoGm2R8_SsL0IJq8svfm2lmxNBpg8y77oXGD7g2Ke59ck__5rog=s1360-w1360-h1020-rw,"Pusat Oleh-Oleh Surabaya By.deyla catering menawarkan oleh-oleh berupa kue, jajanan, atau makanan siap saji yang dikemas khusus oleh Deyla Catering"
Wisata Rasa Dharmahusada,oleh_oleh,-7.267989295,112.7712152,"Jl. Dharmahusada No.160a, Mojo, Kec. Gubeng, Surabaya, Jawa Timur 60271",https://lh3.googleusercontent.com/gps-cs-s/AG0ilSwmWilD3-cV4wxVYvz3L5Dl466q2OMtFDsBijElIuE0DgCXTYLPtRkNPROFAY3z8HarLiiN14k0NMQ6ssjsL3M5j9LC2YSzSfNw2PoocI4QhJXCUOaFM2nbAulN8CysFmZMynYgjg=s1360-w1360-h1020-rw,Wisata Rasa Dharmahusada merupakan destinasi yang menawarkan berbagai pilihan rasa alond sebagai oleh-oleh khas Surabaya. 
Bogajaya - Genteng Besar,oleh_oleh,-7.258747403,112.7399624,"Jl. Genteng Besar No.69, Genteng, Kec. Genteng, Surabaya, Jawa Timur 60275",https://bogajaya.co.id/wp-content/uploads/2024/10/Aset-foto-Web-10-1-scaled-e1728383808686.jpg,"Bogajaya Surabaya adalah toko oleh-oleh khas Surabaya yang menyediakan beragam oleh-oleh terlengkap dan termurah, seperti sambal, petis, bandeng asap, almond cheese, kerupuk, spikoe, dan lapis legit, banyak produknya merupakan hasil produksi sendiri"
Wisata Rasa Basuki Rahmat,oleh_oleh,-7.267522953,112.7410696,"Jl. Basuki Rahmat No.72, Tegalsari, Kec. Tegalsari, Surabaya, Jawa Timur 60262",https://lh3.googleusercontent.com/gps-cs-s/AG0ilSyCE7TH2ZfCshtjPgH4O-Z0-uI9szVObeROzR7oz3rQMjb68TtOgkjCKPtdVblrMyWd9NxVBa9IryRA6FtjIquTXGNuGA4Td42uzviGREtb8KMvX22QLSJJms-lO5YrpAc3Ugmz8S6dIIFC=s1360-w1360-h1020-rw,Wisata Rasa Basuki Rahmat merupakan destinasi yang menawarkan berbagai pilihan rasa alond sebagai oleh-oleh khas Surabaya. 
Toko oleh-oleh Surabaya Risma1,oleh_oleh,-7.24257377,112.7978966,"Jalan Sukolilo Sukorejo No.4, Sukolilo Baru, Kec. Bulak, Surabaya, Jawa Timur 60122",https://lh3.googleusercontent.com/gps-cs-s/AG0ilSzp9KZX8XBfkDa9Z_uRrD_nEQW-k9UOdDgsBNaKwmn14nBN-pyr9iPNlRCF2n-rk7rucMrG43O8u5pcZz6SS4fmPaYfh8wO1AbZCFcjiY7YewXP6zN0bWGqy9WO_ECy5_O-DnpF=s1360-w1360-h1020-rw,Toko oleh-oleh Surabaya Risma1 merupakan toko oleh-oleh khas Surabaya yang menawarkan berbagai macam kerupuk.
ATAP RASA - Pusat Oleh-Oleh Khas Surabaya & Jawa Timur,oleh_oleh,-7.336174149,112.7297741,"Jl. Ahmad Yani No.243, Siwalankerto, Kec. Wonocolo, Surabaya, Jawa Timur 60236",https://lh3.googleusercontent.com/gps-cs-s/AG0ilSwCcRaigVue0ckg-Q7M7QwBjcsc24RjCfmMXiJsLDXK9hKuGm1kbNzaxaHju913RRydtQB7QmZH7C_s7XjCNURTeCpogttjOLntpEU0wAkAcZLhjYfNkCkOkTpt22CfbjUpCmpWSQ=s1360-w1360-h1020-rw,Atap Rasa Pusat Oleh-Oleh Khas Surabaya adalah pasar yang luas yang menawarkan berbagai pilihan makanan ringan dan kue favorit khas Surabaya. Tempat ini terkenal dengan almond crispy terlarisnya dan berbagai jajanan lokal lainnya. 
Bogajaya Merr (221line),oleh_oleh,-7.296226958,112.7821873,"Jl. Dr. Ir. H. Soekarno No.221, Semolowaru, Kec. Sukolilo, Surabaya, Jawa Timur 60119",https://bogajaya.co.id/wp-content/uploads/2024/10/Aset-foto-Web-10-1-scaled-e1728383808686.jpg,"Bogajaya Surabaya adalah toko oleh-oleh khas Surabaya yang menyediakan beragam oleh-oleh terlengkap dan termurah, seperti sambal, petis, bandeng asap, almond cheese, kerupuk, spikoe, dan lapis legit, banyak produknya merupakan hasil produksi sendiri"
Pusat Oleh Oleh Khas Surabaya dan Jawa Timur - CRS,oleh_oleh,-7.287229309,112.7714944,"Jl. Manyar Tirtoyoso No.83 Manyar Sabrangan, Timur 60116, Jawa, Kec. Mulyorejo, Surabaya, Jawa Timur 60116",https://lh3.googleusercontent.com/gps-cs-s/AG0ilSypEolLWbirFLIUgcRw7XR8okfLul9bLy3onTphlb-ueBflMzg-GsIMavjXU9eM3HGGIFvQJg4CSfOeHhX9-YC8fIZFXNI5wORfQszBSEEix-WREIrQA0VdxXqITKib9OEgxDZp=s1360-w1360-h1020-rw,"CRS store menyediakan spiku original, almond cheese crunchy, crusty mini almond cheese, spiku mandarin, dan 500 jenis snack UMKM"
Pusat Oleh - Oleh Keranjang Kenangan,oleh_oleh,-7.33782866,112.7296689,"Jl. Ahmad Yani No.263, Siwalankerto, Kec. Wonocolo, Surabaya, Jawa Timur 60234",https://direktori.vokasi.unair.ac.id/wp-content/uploads/2023/08/opening.jpg,"Pusat Oleh-Oleh Keranjang Kenangan adalah toko oleh-oleh terkemuka di Surabaya dan Gresik yang menyediakan beragam produk khas Jawa Timur seperti Lapis Surabaya, Almond Crispy, keripik, dan souvenir dengan pilihan lengkap, harga terjangkau, dan pelayanan ramah."
Toko Noer Raya,oleh_oleh,-7.306840119,112.780862,"Jl. Dr. Ir. H. Soekarno No.31, Medokan Semampir, Kec. Sukolilo, Surabaya, Jawa Timur 60115",https://lh3.googleusercontent.com/gps-cs-s/AG0ilSz1IRnyJXK243tixm8JobARyOJ70f5HCXhuRfM743fWUyckVCrkqefPgUZKEGPYFzDyBTPRt98dkCf8U2DFjfFnQVFi64oulf8MiBIugTPnyBYNGYRBk0F-2porgkscCWOM9ydd=s1360-w1360-h1020,"Toko ""Noer Raya"" adalah cabang dari Lapis Kukus Pahlawan yang menjual oleh-oleh khas Surabaya seperti lapis kukus dan almond tart."
TOKO PONDOK OLEH-OLEH,oleh_oleh,-7.320656078,112.7993498,"Jl. Medayu Utara V No.52, Medokan Ayu, Kec. Rungkut, Surabaya, Jawa Timur 60295",https://lh3.googleusercontent.com/p/AF1QipMoS8O6NDXszUSj1TqxhZbypywMRrIwR5x5MIJA=s1360-w1360-h1020,"Toko Pondok Oleh-Oleh adalah toko kuliner di Surabaya yang mengkhususkan diri pada aneka kue kekinian dan berbagai macam pie, serta menawarkan pengiriman ke seluruh Indonesia."
Oleh Oleh Haji dan Umroh Nabawi,oleh_oleh,-7.250464318,112.7648222,"Jl. Kapas Krampung No.200, Ploso, Kec. Tambaksari, Surabaya, Jawa Timur 60134",https://tokonabawi.com/wp-content/uploads/2024/12/perlengkapan-haji-umroh-di-sidoarjo.jpg,Toko ini dikenal sebagai pusat grosir yang menyediakan berbagai macam oleh-oleh dan perlengkapan haji dan umrah.
Wisata Rasa Jemursari,oleh_oleh,-7.319933768,112.7484518,"Jl. Raya Jemursari No.164, Jemur Wonosari, Kec. Tenggilis Mejoyo, Surabaya, Jawa Timur 60237",https://lh3.googleusercontent.com/gps-cs-s/AG0ilSz59sHKUz4jerjgEwEMmwF4rsoWskxIsEKNU8dPLDTzrrSLn3_BMJ_WBclVPHc5QB1DW5tC-F_k0f0GFKLjD_8xHyqMF5Po2WnKgMdMXjnmIAg9BcYqFC2jQIp2tvLU32xXVUy9=s1360-w1360-h1020,Wisata Rasa Jemursari adalah pusat oleh-oleh khas Surabaya yang menawarkan berbagai camilan dan makanan khas Jawa Timur. Toko ini dikenal dengan produk Almond Crispy Cheese-nya yang populer. 
Oleh-Oleh Surabaya (Toko Risma 2),oleh_oleh,-7.242657035,112.7981077,"Jl. Sukolilo No.2B IB, Sukolilo Baru, Kec. Bulak, Surabaya, Jawa Timur 60122",https://lh3.googleusercontent.com/gps-cs-s/AG0ilSwqaG63ZmPYsIBDqukGb7udqoj9ffMi7gtVUO_ogy5ivBaLQRm-JXjl7zxxr6-4Vqa08KcOUkXLBPnylHCd4JTe70zxverIkS3Yth7rFa-bmuLtnw2bGVJcAzOGn7U5LAqxSrvYEQ=s1360-w1360-h1020,Toko oleh-oleh khas Surabaya yang menawarkan berbagai camilan dan makanan khas Jawa Timur.
Oleh-Oleh Khas Surabaya Honest,oleh_oleh,-7.332345,112.7688563,"Jl. Raya Rungkut Tengah No.26 A, Rungkut Tengah, Kec. Gn. Anyar, Surabaya, Jawa Timur 60293",https://lh3.googleusercontent.com/p/AF1QipNpliMx5fxTOeAS90sxDsf0HPh6P5Sfs-eKLtyU=s1360-w1360-h1020-rw,Oleh-Oleh Khas Surabaya Honest menjual berbagai jenis rasa kue lapis kukus khas Surabaya.
TOKO LESTARI 2 (PUSAT OLEH OLEH SURABAYA CAKZIN),oleh_oleh,-7.238971618,112.7952229,"Jl. Raya Pantai Lama No.23, Kenjeran, Kec. Bulak, Surabaya, Jawa Timur 60123",https://lh3.googleusercontent.com/proxy/rG1YB81yuEAjyWbnK-YspK1JqmvEIjT8xwJmnFg7uAvmayDUntCTdWcqNtG-iABJO85RdB-3cU8LHgH0q2Y7kV3SQ5BJtY1Zs37glYvDUGsfUYXYL3SkXL0hONeqTWxe510ruOqLgH2FQpKiyn_MhZfYl0sR-osRAX_jyw=s1360-w1360-h1020-rw,Pusat Oleh-Oleh Surabaya Cakzin adalah Oleh-oleh khas Surabaya dari hasil laut yang diolah menjadi makanan kering ringan.
Lapis Kukus Pahlawan Gubeng 2 - Oleh oleh khas Surabaya,oleh_oleh,-7.265243809,112.7519481,"Jl. Stasiun Gubeng, Ketabang, Kec. Genteng, Surabaya, Jawa Timur 60272",https://lh3.googleusercontent.com/gps-cs-s/AG0ilSxgi3ghMgTDfCsf-cFN8s4TdKJgzq2SvZbLIy1zrrPdp4fbZvvycDPrUs41r2j1Td2E1XmQz4q65Wc7JNj0SB7cPwN--LurSD92AY7V9YoxggvKWtm6O619PD4HA4_Q9yUd3lI=s1360-w1360-h1020-rw,"Lapis Kukus Pahlawan Gubeng 2 adalah salah satu gerai resmi dari Lapis Kukus Pahlawan, berisi oleh-oleh modern khas Surabaya yang menawarkan berbagai varian lapis kukus dengan tekstur lembut dan berbagai oleh-oleh khas Surabaya lainnya."
Toko Anyar Camilan Oleh-Oleh Surabaya,oleh_oleh,-7.28443153,112.754677,"Jl. Pucang Anom No.48, Pucang Sewu, Kec. Gubeng, Surabaya, Jawa Timur 60283",https://lh3.googleusercontent.com/p/AF1QipMOWiBZM3UZOF_90bY70UrXmw5WzLzJqCDZdagR=s1360-w1360-h1020-rw,Toko Anyar menyediakan berbagai makanan ringan untuk oleh-oleh dan beras.